Player_ID,Name,rel_link,Position,height_weight,dob_age,experience,draft,college
21042,A.J. Brown,/nfl/aj-brown-fantasy/21042,WR,"6'0"" / 226 lbs.","June 30, 1997 (25)",4th Season,2019 / Rd. 2 / Pk. 51 (TEN),Mississippi
12845,A.J. Green,/nfl/aj-green-fantasy/12845,WR,"6'4"" / 207 lbs.","July 31, 1988 (33)",12th Season,2011 / Rd. 1 / Pk. 4 (CIN),Georgia
21802,AJ Dillon,/nfl/aj-dillon-fantasy/21802,RB,"6'0"" / 247 lbs.","May 2, 1998 (24)",3rd Season,2020 / Rd. 2 / Pk. 62 (GB),Boston College
21751,Aaron Fuller,/nfl/aaron-fuller-fantasy/21751,WR,"5'11"" / 186 lbs.","September 30, 1997 (24)",2nd Season,2020 / Rd.  / Pk.  (SEA),Washington
19045,Aaron Jones,/nfl/aaron-jones-fantasy/19045,RB,"5'9"" / 208 lbs.","December 2, 1994 (27)",6th Season,2017 / Rd. 5 / Pk. 182 (GB),Texas-El Paso
21969,Aaron Parker,/nfl/aaron-parker-fantasy/21969,WR,"6'3"" / 208 lbs.","May 21, 1998 (24)",2nd Season,2020 / Rd.  / Pk.  (DAL),Rhode Island
2593,Aaron Rodgers,/nfl/aaron-rodgers-fantasy/2593,QB,"6'2"" / 225 lbs.","December 2, 1983 (38)",18th Season,2005 / Rd. 1 / Pk. 24 (GB),California
17290,Adam Humphries,/nfl/adam-humphries-fantasy/17290,WR,"5'11"" / 195 lbs.","June 24, 1993 (29)",8th Season,2015 / Rd.  / Pk.  (TB),Clemson
18931,Adam Shaheen,/nfl/adam-shaheen-fantasy/18931,TE,"6'6"" / 257 lbs.","October 24, 1994 (27)",6th Season,2017 / Rd. 2 / Pk. 45 (CHI),Ashland
15534,Adam Thielen,/nfl/adam-thielen-fantasy/15534,WR,"6'2"" / 200 lbs.","August 22, 1990 (31)",9th Season,2013 / Rd.  / Pk.  (MIN),Minnesota State-Mankato
21786,Adam Trautman,/nfl/adam-trautman-fantasy/21786,TE,"6'5"" / 255 lbs.","February 5, 1997 (25)",3rd Season,2020 / Rd. 3 / Pk. 105 (NO),Dayton
4807,Adrian Peterson,/nfl/adrian-peterson-fantasy/4807,RB,"6'1"" / 220 lbs.","March 21, 1985 (37)",14th Season,2007 / Rd. 1 / Pk. 7 (MIN),Oklahoma
21794,Albert Okwuegbunam,/nfl/albert-okwuegbunam-fantasy/21794,TE,"6'5"" / 258 lbs.","April 25, 1998 (24)",3rd Season,2020 / Rd. 4 / Pk. 118 (DEN),Missouri
16308,Albert Wilson,/nfl/albert-wilson-fantasy/16308,WR,"5'9"" / 195 lbs.","July 12, 1992 (30)",8th Season,2014 / Rd.  / Pk.  (KC),Georgia State
19072,Alex Armah,/nfl/alex-armah-fantasy/19072,RB,"6'2"" / 255 lbs.","May 17, 1994 (28)",6th Season,2017 / Rd. 6 / Pk. 192 (CAR),West Georgia
21294,Alex Bachman,/nfl/alex-bachman-fantasy/21294,WR,"6'0"" / 190 lbs.","May 29, 1996 (26)",3rd Season,2019 / Rd.  / Pk.  (LAR),Wake Forest
18088,Alex Collins,/nfl/alex-collins-fantasy/18088,RB,"5'10"" / 210 lbs.","August 26, 1994 (27)",5th Season,2016 / Rd. 5 / Pk. 171 (SEA),Arkansas
18197,Alex Erickson,/nfl/alex-erickson-fantasy/18197,WR,"6'0"" / 195 lbs.","November 6, 1992 (29)",7th Season,2016 / Rd.  / Pk.  (CIN),Wisconsin
20868,Alexander Mattison,/nfl/alexander-mattison-fantasy/20868,RB,"5'11"" / 220 lbs.","June 19, 1998 (24)",4th Season,2019 / Rd. 3 / Pk. 102 (MIN),Boise State
20145,Allen Lazard,/nfl/allen-lazard-fantasy/20145,WR,"6'5"" / 227 lbs.","December 11, 1995 (26)",4th Season,2018 / Rd.  / Pk.  (JAX),Iowa State
16263,Allen Robinson II,/nfl/allen-robinson-ii-fantasy/16263,WR,"6'2"" / 220 lbs.","August 24, 1993 (28)",9th Season,2014 / Rd. 2 / Pk. 61 (JAX),Penn State
18878,Alvin Kamara,/nfl/alvin-kamara-fantasy/18878,RB,"5'10"" / 215 lbs.","July 25, 1995 (26)",6th Season,2017 / Rd. 3 / Pk. 67 (NO),Tennessee
16765,Amari Cooper,/nfl/amari-cooper-fantasy/16765,WR,"6'1"" / 210 lbs.","June 17, 1994 (28)",8th Season,2015 / Rd. 1 / Pk. 4 (LV),Alabama
22575,Amari Rodgers,/nfl/amari-rodgers-fantasy/22575,WR,"5'9"" / 212 lbs.","September 23, 1999 (22)",2nd Season,2021 / Rd. 3 / Pk. 85 (GB),Clemson
16815,Ameer Abdullah,/nfl/ameer-abdullah-fantasy/16815,RB,"5'9"" / 203 lbs.","June 13, 1993 (29)",8th Season,2015 / Rd. 2 / Pk. 54 (DET),Nebraska
22587,Amon-Ra St. Brown,/nfl/amon-ra-st-brown-fantasy/22587,WR,"6'0"" / 197 lbs.","October 24, 1999 (22)",2nd Season,2021 / Rd. 4 / Pk. 112 (DET),USC
11565,Andre Roberts,/nfl/andre-roberts-fantasy/11565,WR,"5'11"" / 195 lbs.","January 9, 1988 (34)",13th Season,2010 / Rd. 3 / Pk. 88 (ARI),The Citadel
21227,Andrew Beck,/nfl/andrew-beck-fantasy/21227,TE,"6'3"" / 255 lbs.","May 15, 1996 (26)",4th Season,2019 / Rd.  / Pk.  (NE),Texas
12841,Andy Dalton,/nfl/andy-dalton-fantasy/12841,QB,"6'2"" / 220 lbs.","October 29, 1987 (34)",12th Season,2011 / Rd. 2 / Pk. 35 (CIN),TCU
20820,Andy Isabella,/nfl/andy-isabella-fantasy/20820,WR,"5'9"" / 188 lbs.","November 18, 1996 (25)",4th Season,2019 / Rd. 2 / Pk. 62 (ARI),Massachusetts
19296,Anthony Firkser,/nfl/anthony-firkser-fantasy/19296,TE,"6'2"" / 241 lbs.","February 19, 1995 (27)",5th Season,2017 / Rd.  / Pk.  (NYJ),Harvard
21854,Anthony McFarland Jr.,/nfl/anthony-mcfarland-jr-fantasy/21854,RB,"5'8"" / 193 lbs.","March 4, 1998 (24)",3rd Season,2020 / Rd. 4 / Pk. 124 (PIT),Maryland
19864,Anthony Miller,/nfl/anthony-miller-fantasy/19864,WR,"5'11"" / 199 lbs.","October 9, 1994 (27)",5th Season,2018 / Rd. 2 / Pk. 51 (CHI),Memphis
22588,Anthony Schwartz,/nfl/anthony-schwartz-fantasy/22588,WR,"6'0"" / 186 lbs.","September 5, 2000 (21)",2nd Season,2021 / Rd. 3 / Pk. 91 (CLE),Auburn
20979,Antoine Wesley,/nfl/antoine-wesley-fantasy/20979,WR,"6'4"" / 206 lbs.","October 22, 1997 (24)",3rd Season,2019 / Rd.  / Pk.  (BAL),Texas Tech
11056,Antonio Brown,/nfl/antonio-brown-fantasy/11056,WR,"5'10"" / 185 lbs.","July 10, 1988 (34)",12th Season,2010 / Rd. 6 / Pk. 195 (PIT),Central Michigan
21742,Antonio Gandy-Golden,/nfl/antonio-gandy-golden-fantasy/21742,WR,"6'4"" / 223 lbs.","April 11, 1998 (24)",3rd Season,2020 / Rd. 4 / Pk. 142 (WAS),Liberty
21861,Antonio Gibson,/nfl/antonio-gibson-fantasy/21861,RB,"6'2"" / 220 lbs.","June 23, 1998 (24)",3rd Season,2020 / Rd. 3 / Pk. 66 (WAS),Memphis
19335,Antony Auclair,/nfl/antony-auclair-fantasy/19335,TE,"6'6"" / 256 lbs.","May 28, 1993 (29)",6th Season,2017 / Rd.  / Pk.  (TB),Laval
21848,Artavis Pierce,/nfl/artavis-pierce-fantasy/21848,RB,"5'11"" / 208 lbs.","May 17, 1996 (26)",2nd Season,2020 / Rd.  / Pk.  (CHI),Oregon State
21349,Ashton Dulin,/nfl/ashton-dulin-fantasy/21349,WR,"6'1"" / 215 lbs.","May 15, 1997 (25)",4th Season,2019 / Rd.  / Pk.  (IND),Malone
20057,Auden Tate,/nfl/auden-tate-fantasy/20057,WR,"6'5"" / 228 lbs.","February 3, 1997 (25)",5th Season,2018 / Rd. 7 / Pk. 253 (CIN),Florida State
19562,Austin Ekeler,/nfl/austin-ekeler-fantasy/19562,RB,"5'10"" / 200 lbs.","May 17, 1995 (27)",6th Season,2017 / Rd.  / Pk.  (LAC),Western State (CO)
17963,Austin Hooper,/nfl/austin-hooper-fantasy/17963,TE,"6'4"" / 254 lbs.","October 29, 1994 (27)",7th Season,2016 / Rd. 3 / Pk. 81 (ATL),Stanford
22973,Austin Trammell,/nfl/austin-trammell-fantasy/22973,WR,"5'10"" / 185 lbs.","January 1, 1998 (24)",1st Season,2021 / Rd.  / Pk.  (ATL),Rice
21514,Austin Walter,/nfl/austin-walter-fantasy/21514,RB,"5'8"" / 202 lbs.","August 17, 1996 (25)",3rd Season,2019 / Rd.  / Pk.  (SF),Rice
22925,Avery Williams,/nfl/avery-williams-fantasy/22925,RB,"5'9"" / 195 lbs.","July 15, 1998 (24)",2nd Season,2021 / Rd. 5 / Pk. 183 (ATL),Boise State
19790,Baker Mayfield,/nfl/baker-mayfield-fantasy/19790,QB,"6'1"" / 215 lbs.","April 14, 1995 (27)",5th Season,2018 / Rd. 1 / Pk. 1 (CLE),Oklahoma
22284,Ben Ellefson,/nfl/ben-ellefson-fantasy/22284,TE,"6'3"" / 249 lbs.","September 1, 1996 (25)",3rd Season,2020 / Rd.  / Pk.  (JAX),North Dakota State
3807,Ben Roethlisberger,/nfl/ben-roethlisberger-fantasy/3807,QB,"6'5"" / 240 lbs.","March 2, 1982 (40)",18th Season,2004 / Rd. 1 / Pk. 11 (PIT),Miami (OH)
22590,Ben Skowronek,/nfl/ben-skowronek-fantasy/22590,WR,"6'3"" / 224 lbs.","June 27, 1997 (25)",2nd Season,2021 / Rd. 7 / Pk. 249 (LAR),Notre Dame
20950,Benny Snell Jr.,/nfl/benny-snell-jr-fantasy/20950,RB,"5'10"" / 224 lbs.","February 27, 1998 (24)",4th Season,2019 / Rd. 4 / Pk. 122 (PIT),Kentucky
12982,Blaine Gabbert,/nfl/blaine-gabbert-fantasy/12982,QB,"6'4"" / 235 lbs.","October 15, 1989 (32)",12th Season,2011 / Rd. 1 / Pk. 10 (JAX),Missouri
16878,Blake Bell,/nfl/blake-bell-fantasy/16878,TE,"6'6"" / 252 lbs.","August 7, 1991 (30)",8th Season,2015 / Rd. 4 / Pk. 117 (SF),Oklahoma
19457,Blake Jarwin,/nfl/blake-jarwin-fantasy/19457,TE,"6'5"" / 260 lbs.","July 16, 1994 (28)",6th Season,2017 / Rd.  / Pk.  (DAL),Oklahoma State
20039,Boston Scott,/nfl/boston-scott-fantasy/20039,RB,"5'6"" / 203 lbs.","April 27, 1995 (27)",4th Season,2018 / Rd. 6 / Pk. 201 (NO),Louisiana Tech
16568,Brandin Cooks,/nfl/brandin-cooks-fantasy/16568,WR,"5'10"" / 183 lbs.","September 25, 1993 (28)",9th Season,2014 / Rd. 1 / Pk. 20 (NO),Oregon State
21747,Brandon Aiyuk,/nfl/brandon-aiyuk-fantasy/21747,WR,"6'0"" / 200 lbs.","March 17, 1998 (24)",3rd Season,2020 / Rd. 1 / Pk. 25 (SF),Arizona State
18118,Brandon Allen,/nfl/brandon-allen-fantasy/18118,QB,"6'2"" / 209 lbs.","September 5, 1992 (29)",6th Season,2016 / Rd. 6 / Pk. 201 (JAX),Arkansas
13741,Brandon Bolden,/nfl/brandon-bolden-fantasy/13741,RB,"5'11"" / 220 lbs.","January 26, 1990 (32)",10th Season,2012 / Rd.  / Pk.  (NE),Mississippi
21161,Brandon Dillon,/nfl/brandon-dillon-fantasy/21161,TE,"6'5"" / 250 lbs.","April 30, 1997 (25)",2nd Season,2019 / Rd.  / Pk.  (MIN),Marian
20487,Brandon Powell,/nfl/brandon-powell-fantasy/20487,WR,"5'8"" / 181 lbs.","September 12, 1995 (26)",5th Season,2018 / Rd.  / Pk.  (DET),Florida
19779,Brandon Zylstra,/nfl/brandon-zylstra-fantasy/19779,WR,"6'2"" / 215 lbs.","March 25, 1993 (29)",5th Season,2018 / Rd.  / Pk.  (MIN),Concordia College (MN)
20038,Braxton Berrios,/nfl/braxton-berrios-fantasy/20038,WR,"5'9"" / 190 lbs.","October 6, 1995 (26)",5th Season,2018 / Rd. 6 / Pk. 210 (NE),Miami
16787,Breshad Perriman,/nfl/breshad-perriman-fantasy/16787,WR,"6'2"" / 218 lbs.","September 10, 1993 (28)",8th Season,2015 / Rd. 1 / Pk. 26 (BAL),Central Florida
20929,Brett Rypien,/nfl/brett-rypien-fantasy/20929,QB,"6'2"" / 202 lbs.","July 9, 1996 (26)",3rd Season,2019 / Rd.  / Pk.  (DEN),Boise State
22506,Brevin Jordan,/nfl/brevin-jordan-fantasy/22506,TE,"6'3"" / 245 lbs.","July 16, 2000 (21)",2nd Season,2021 / Rd. 5 / Pk. 147 (HOU),Miami (FL)
19033,Brian Hill,/nfl/brian-hill-fantasy/19033,RB,"6'1"" / 219 lbs.","November 9, 1995 (26)",5th Season,2017 / Rd. 5 / Pk. 156 (ATL),Wyoming
8358,Brian Hoyer,/nfl/brian-hoyer-fantasy/8358,QB,"6'2"" / 216 lbs.","October 13, 1985 (36)",14th Season,2009 / Rd.  / Pk.  (NE),Michigan State
23010,Brock Wright,/nfl/brock-wright-fantasy/23010,TE,"6'4"" / 255 lbs.","November 27, 1998 (23)",2nd Season,2021 / Rd.  / Pk.  (DET),Notre Dame
21736,Bryan Edwards,/nfl/bryan-edwards-fantasy/21736,WR,"6'3"" / 215 lbs.","November 13, 1998 (23)",3rd Season,2020 / Rd. 3 / Pk. 81 (LV),South Carolina
21678,Brycen Hopkins,/nfl/brycen-hopkins-fantasy/21678,TE,"6'4"" / 245 lbs.","March 27, 1997 (25)",3rd Season,2020 / Rd. 4 / Pk. 136 (LAR),Purdue
20318,Buddy Howell,/nfl/buddy-howell-fantasy/20318,RB,"6'1"" / 218 lbs.","March 27, 1996 (26)",5th Season,2018 / Rd.  / Pk.  (MIA),Florida Atlantic
20150,Byron Pringle,/nfl/byron-pringle-fantasy/20150,WR,"6'1"" / 203 lbs.","November 17, 1993 (28)",5th Season,2018 / Rd.  / Pk.  (KC),Kansas State
18973,C.J. Beathard,/nfl/cj-beathard-fantasy/18973,QB,"6'2"" / 215 lbs.","November 16, 1993 (28)",6th Season,2017 / Rd. 3 / Pk. 104 (SF),Iowa
19200,C.J. Board,/nfl/cj-board-fantasy/19200,WR,"6'1"" / 181 lbs.","December 12, 1993 (28)",4th Season,2017 / Rd.  / Pk.  (BAL),Tennessee-Chattanooga
23090,C.J. Saunders,/nfl/cj-saunders-fantasy/23090,WR,"5'10"" / 190 lbs.","September 15, 1996 (25)",2nd Season,2021 / Rd.  / Pk.  (CAR),Ohio State
16917,C.J. Uzomah,/nfl/cj-uzomah-fantasy/16917,TE,"6'6"" / 260 lbs.","January 14, 1993 (29)",8th Season,2015 / Rd. 5 / Pk. 157 (CIN),Auburn
19802,Calvin Ridley,/nfl/calvin-ridley-fantasy/19802,WR,"6'1"" / 190 lbs.","December 20, 1994 (27)",5th Season,2018 / Rd. 1 / Pk. 26 (ATL),Alabama
21688,Cam Akers,/nfl/cam-akers-fantasy/21688,RB,"5'10"" / 217 lbs.","June 22, 1999 (23)",3rd Season,2020 / Rd. 2 / Pk. 52 (LAR),Florida State
13320,Cam Newton,/nfl/cam-newton-fantasy/13320,QB,"6'5"" / 245 lbs.","May 11, 1989 (33)",12th Season,2011 / Rd. 1 / Pk. 1 (CAR),Auburn
20529,Cam Sims,/nfl/cam-sims-fantasy/20529,WR,"6'5"" / 215 lbs.","January 6, 1996 (26)",5th Season,2018 / Rd.  / Pk.  (WAS),Alabama
20372,Cameron Batson,/nfl/cameron-batson-fantasy/20372,WR,"5'8"" / 175 lbs.","December 20, 1995 (26)",5th Season,2018 / Rd.  / Pk.  (TEN),Texas Tech
16593,Cameron Brate,/nfl/cameron-brate-fantasy/16593,TE,"6'5"" / 245 lbs.","July 3, 1991 (31)",8th Season,2014 / Rd.  / Pk.  (TB),Harvard
16668,Carlos Hyde,/nfl/carlos-hyde-fantasy/16668,RB,"6'0"" / 229 lbs.","September 20, 1990 (31)",9th Season,2014 / Rd. 2 / Pk. 57 (SF),Ohio State
17920,Carson Wentz,/nfl/carson-wentz-fantasy/17920,QB,"6'5"" / 237 lbs.","December 30, 1992 (29)",7th Season,2016 / Rd. 1 / Pk. 2 (PHI),North Dakota State
15694,Case Keenum,/nfl/case-keenum-fantasy/15694,QB,"6'1"" / 215 lbs.","February 17, 1988 (34)",10th Season,2012 / Rd.  / Pk.  (HOU),Houston
20013,Cedrick Wilson Jr.,/nfl/cedrick-wilson-jr-fantasy/20013,WR,"6'2"" / 200 lbs.","November 20, 1995 (26)",5th Season,2018 / Rd. 6 / Pk. 208 (DAL),Boise State
21679,CeeDee Lamb,/nfl/ceedee-lamb-fantasy/21679,WR,"6'2"" / 200 lbs.","April 8, 1999 (23)",3rd Season,2020 / Rd. 1 / Pk. 17 (DAL),Oklahoma
19219,Cethan Carter,/nfl/cethan-carter-fantasy/19219,TE,"6'3"" / 248 lbs.","September 5, 1995 (26)",6th Season,2017 / Rd.  / Pk.  (CIN),Nebraska
2405,Chad Henne,/nfl/chad-henne-fantasy/2405,QB,"6'3"" / 222 lbs.","July 2, 1985 (37)",15th Season,2008 / Rd. 2 / Pk. 57 (MIA),Michigan
22119,Charlie Woerner,/nfl/charlie-woerner-fantasy/22119,TE,"6'5"" / 243 lbs.","October 16, 1997 (24)",3rd Season,2020 / Rd. 6 / Pk. 190 (SF),Georgia
21752,Chase Claypool,/nfl/chase-claypool-fantasy/21752,WR,"6'4"" / 238 lbs.","July 7, 1998 (24)",3rd Season,2020 / Rd. 2 / Pk. 49 (PIT),Notre Dame
9902,Chase Daniel,/nfl/chase-daniel-fantasy/9902,QB,"6'0"" / 229 lbs.","October 7, 1986 (35)",14th Season,2009 / Rd.  / Pk.  (WAS),Missouri
19919,Chase Edmonds,/nfl/chase-edmonds-fantasy/19919,RB,"5'9"" / 210 lbs.","April 13, 1996 (26)",5th Season,2018 / Rd. 4 / Pk. 134 (ARI),Fordham
18361,Chester Rogers,/nfl/chester-rogers-fantasy/18361,WR,"6'0"" / 184 lbs.","January 12, 1994 (28)",6th Season,2016 / Rd.  / Pk.  (IND),Grambling State
19119,Chris Carson,/nfl/chris-carson-fantasy/19119,RB,"5'11"" / 222 lbs.","September 16, 1994 (27)",6th Season,2017 / Rd. 7 / Pk. 249 (SEA),Oklahoma State
16837,Chris Conley,/nfl/chris-conley-fantasy/16837,WR,"6'3"" / 205 lbs.","October 25, 1992 (29)",8th Season,2015 / Rd. 3 / Pk. 76 (KC),Georgia
22647,Chris Evans,/nfl/chris-evans-fantasy/22647,RB,"5'11"" / 216 lbs.","October 5, 1997 (24)",2nd Season,2021 / Rd. 6 / Pk. 202 (CIN),Michigan
18880,Chris Godwin,/nfl/chris-godwin-fantasy/18880,WR,"6'1"" / 209 lbs.","February 27, 1996 (26)",6th Season,2017 / Rd. 3 / Pk. 84 (TB),Penn State
19947,Chris Herndon,/nfl/chris-herndon-fantasy/19947,TE,"6'4"" / 253 lbs.","February 23, 1996 (26)",5th Season,2018 / Rd. 4 / Pk. 107 (NYJ),Miami (FL)
14828,Chris Hogan,/nfl/chris-hogan-fantasy/14828,WR,"6'1"" / 210 lbs.","October 24, 1987 (34)",9th Season,2011 / Rd.  / Pk.  (SF),Monmouth (NJ)
17762,Chris Manhertz,/nfl/chris-manhertz-fantasy/17762,TE,"6'6"" / 255 lbs.","April 10, 1992 (30)",7th Season,2014 / Rd.  / Pk.  (BUF),Canisius College
18030,Chris Moore,/nfl/chris-moore-fantasy/18030,WR,"6'1"" / 200 lbs.","June 16, 1993 (29)",7th Season,2016 / Rd. 4 / Pk. 107 (BAL),Cincinnati
21531,Chris Myarick,/nfl/chris-myarick-fantasy/21531,TE,"6'5"" / 255 lbs.","October 6, 1995 (26)",3rd Season,2019 / Rd.  / Pk.  (MIA),Temple
21866,Chris Streveler,/nfl/chris-streveler-fantasy/21866,QB,"6'1"" / 216 lbs.","January 6, 1995 (27)",3rd Season,2020 / Rd.  / Pk.  (ARI),South Dakota
20224,Christian Blake,/nfl/christian-blake-fantasy/20224,WR,"6'1"" / 182 lbs.","June 8, 1996 (26)",4th Season,2018 / Rd.  / Pk.  (ATL),Northern Illinois
19815,Christian Kirk,/nfl/christian-kirk-fantasy/19815,WR,"5'11"" / 200 lbs.","November 18, 1996 (25)",5th Season,2018 / Rd. 2 / Pk. 47 (ARI),Texas A&M
18877,Christian McCaffrey,/nfl/christian-mccaffrey-fantasy/18877,RB,"5'11"" / 205 lbs.","June 7, 1996 (26)",6th Season,2017 / Rd. 1 / Pk. 8 (CAR),Stanford
21691,Chuba Hubbard,/nfl/chuba-hubbard-fantasy/21691,RB,"6'1"" / 210 lbs.","June 11, 1999 (23)",2nd Season,2021 / Rd. 4 / Pk. 126 (CAR),Oklahoma State
21769,Clyde Edwards-Helaire,/nfl/clyde-edwards-helaire-fantasy/21769,RB,"5'7"" / 207 lbs.","April 11, 1999 (23)",3rd Season,2020 / Rd. 1 / Pk. 32 (KC),LSU
20314,Codey McElroy,/nfl/codey-mcelroy-fantasy/20314,TE,"6'6"" / 255 lbs.","December 13, 1992 (29)",3rd Season,2018 / Rd.  / Pk.  (LAR),Southeastern Oklahoma State
19280,Cody Hollister,/nfl/cody-hollister-fantasy/19280,WR,"6'4"" / 209 lbs.","November 18, 1993 (28)",4th Season,2017 / Rd.  / Pk.  (NE),Arkansas
20963,Cody Thompson,/nfl/cody-thompson-fantasy/20963,WR,"6'2"" / 205 lbs.","January 11, 1996 (26)",2nd Season,2019 / Rd.  / Pk.  (KC),Toledo
21964,Cody White,/nfl/cody-white-fantasy/21964,WR,"6'3"" / 215 lbs.","November 28, 1998 (23)",2nd Season,2020 / Rd.  / Pk.  (KC),Michigan State
21807,Colby Parkinson,/nfl/colby-parkinson-fantasy/21807,TE,"6'7"" / 251 lbs.","January 8, 1999 (23)",3rd Season,2020 / Rd. 4 / Pk. 133 (SEA),Stanford
14141,Cole Beasley,/nfl/cole-beasley-fantasy/14141,WR,"5'8"" / 174 lbs.","April 26, 1989 (33)",11th Season,2012 / Rd.  / Pk.  (DAL),Southern Methodist
21772,Cole Kmet,/nfl/cole-kmet-fantasy/21772,TE,"6'6"" / 262 lbs.","March 10, 1999 (23)",3rd Season,2020 / Rd. 2 / Pk. 43 (CHI),Notre Dame
19542,Colin Thompson,/nfl/colin-thompson-fantasy/19542,TE,"6'4"" / 257 lbs.","December 15, 1993 (28)",3rd Season,2017 / Rd.  / Pk.  (NYG),Temple
21730,Collin Johnson,/nfl/collin-johnson-fantasy/21730,WR,"6'6"" / 221 lbs.","September 23, 1997 (24)",3rd Season,2020 / Rd. 5 / Pk. 165 (JAX),Texas
11047,Colt McCoy,/nfl/colt-mccoy-fantasy/11047,QB,"6'1"" / 212 lbs.","September 5, 1986 (35)",13th Season,2010 / Rd. 3 / Pk. 85 (CLE),Texas
18882,Cooper Kupp,/nfl/cooper-kupp-fantasy/18882,WR,"6'2"" / 208 lbs.","June 15, 1993 (29)",6th Season,2017 / Rd. 3 / Pk. 69 (LAR),Eastern Washington
19461,Cooper Rush,/nfl/cooper-rush-fantasy/19461,QB,"6'3"" / 225 lbs.","November 21, 1993 (28)",5th Season,2017 / Rd.  / Pk.  (DAL),Central Michigan
15150,Cordarrelle Patterson,/nfl/cordarrelle-patterson-fantasy/15150,RB,"6'2"" / 220 lbs.","March 17, 1991 (31)",10th Season,2013 / Rd. 1 / Pk. 29 (MIN),Tennessee
19548,Corey Clement,/nfl/corey-clement-fantasy/19548,RB,"5'10"" / 220 lbs.","November 2, 1994 (27)",6th Season,2017 / Rd.  / Pk.  (PHI),Wisconsin
18879,Corey Davis,/nfl/corey-davis-fantasy/18879,WR,"6'3"" / 209 lbs.","January 11, 1995 (27)",6th Season,2017 / Rd. 1 / Pk. 5 (TEN),Western Michigan
19800,Courtland Sutton,/nfl/courtland-sutton-fantasy/19800,WR,"6'4"" / 216 lbs.","October 10, 1995 (26)",5th Season,2018 / Rd. 2 / Pk. 40 (DEN),Southern Methodist
21564,Craig Reynolds,/nfl/craig-reynolds-fantasy/21564,RB,"5'11"" / 225 lbs.","June 15, 1996 (26)",3rd Season,2019 / Rd.  / Pk.  (WAS),Kutztown
18928,Curtis Samuel,/nfl/curtis-samuel-fantasy/18928,WR,"5'11"" / 195 lbs.","August 11, 1996 (25)",6th Season,2017 / Rd. 2 / Pk. 40 (CAR),Ohio State
18896,Cyril Grayson Jr.,/nfl/cyril-grayson-jr-fantasy/18896,WR,"5'9"" / 183 lbs.","December 5, 1993 (28)",4th Season,2017 / Rd.  / Pk.  (SEA),LSU
21684,D'Andre Swift,/nfl/dandre-swift-fantasy/21684,RB,"5'8"" / 212 lbs.","January 14, 1999 (23)",3rd Season,2020 / Rd. 2 / Pk. 35 (DET),Georgia
21593,D'Ernest Johnson,/nfl/dernest-johnson-fantasy/21593,RB,"5'10"" / 208 lbs.","February 27, 1996 (26)",4th Season,2019 / Rd.  / Pk.  (CLE),South Florida
18957,D'Onta Foreman,/nfl/donta-foreman-fantasy/18957,RB,"6'0"" / 233 lbs.","April 24, 1996 (26)",5th Season,2017 / Rd. 3 / Pk. 89 (HOU),Texas
21473,D.J. Montgomery,/nfl/dj-montgomery-fantasy/21473,WR,"6'1"" / 201 lbs.","November 17, 1996 (25)",3rd Season,2019 / Rd.  / Pk.  (CLE),Austin Peay
19816,DJ Chark,/nfl/dj-chark-fantasy/19816,WR,"6'4"" / 210 lbs.","September 23, 1996 (25)",5th Season,2018 / Rd. 2 / Pk. 61 (JAX),LSU
19844,DJ Moore,/nfl/dj-moore-fantasy/19844,WR,"6'0"" / 210 lbs.","April 14, 1997 (25)",5th Season,2018 / Rd. 1 / Pk. 24 (CAR),Maryland
20875,DK Metcalf,/nfl/dk-metcalf-fantasy/20875,WR,"6'4"" / 235 lbs.","December 14, 1997 (24)",4th Season,2019 / Rd. 2 / Pk. 64 (SEA),Mississippi
18055,Dak Prescott,/nfl/dak-prescott-fantasy/18055,QB,"6'2"" / 238 lbs.","July 29, 1993 (28)",7th Season,2016 / Rd. 4 / Pk. 135 (DAL),Mississippi State
19863,Dallas Goedert,/nfl/dallas-goedert-fantasy/19863,TE,"6'5"" / 256 lbs.","January 3, 1995 (27)",5th Season,2018 / Rd. 2 / Pk. 49 (PHI),South Dakota State
19920,Dalton Schultz,/nfl/dalton-schultz-fantasy/19920,TE,"6'5"" / 244 lbs.","July 11, 1996 (26)",5th Season,2018 / Rd. 4 / Pk. 137 (DAL),Stanford
18872,Dalvin Cook,/nfl/dalvin-cook-fantasy/18872,RB,"5'10"" / 210 lbs.","August 10, 1995 (26)",6th Season,2017 / Rd. 2 / Pk. 41 (MIN),Florida State
21240,Damarea Crockett,/nfl/damarea-crockett-fantasy/21240,RB,"5'11"" / 224 lbs.","December 22, 1997 (24)",2nd Season,2019 / Rd.  / Pk.  (HOU),Missouri
20790,Damien Harris,/nfl/damien-harris-fantasy/20790,RB,"5'11"" / 213 lbs.","February 11, 1997 (25)",4th Season,2019 / Rd. 3 / Pk. 87 (NE),Alabama
16031,Damien Williams,/nfl/damien-williams-fantasy/16031,RB,"5'11"" / 221 lbs.","April 3, 1992 (30)",8th Season,2014 / Rd.  / Pk.  (MIA),Oklahoma
17141,Damiere Byrd,/nfl/damiere-byrd-fantasy/17141,WR,"5'9"" / 175 lbs.","January 27, 1993 (29)",7th Season,2015 / Rd.  / Pk.  (CAR),South Carolina
19659,Dan Arnold,/nfl/dan-arnold-fantasy/19659,TE,"6'6"" / 220 lbs.","March 15, 1995 (27)",6th Season,2017 / Rd.  / Pk.  (NO),Wisconsin-Platteville
22345,Dan Chisena,/nfl/dan-chisena-fantasy/22345,WR,"6'3"" / 202 lbs.","February 25, 1997 (25)",3rd Season,2020 / Rd.  / Pk.  (MIN),Penn State
17219,Daniel Brown,/nfl/daniel-brown-fantasy/17219,TE,"6'5"" / 247 lbs.","May 26, 1992 (30)",7th Season,2015 / Rd.  / Pk.  (BAL),James Madison
20797,Daniel Helm,/nfl/daniel-helm-fantasy/20797,TE,"6'4"" / 248 lbs.","April 20, 1995 (27)",3rd Season,2019 / Rd.  / Pk.  (LAC),Duke
20841,Daniel Jones,/nfl/daniel-jones-fantasy/20841,QB,"6'5"" / 221 lbs.","May 27, 1997 (25)",4th Season,2019 / Rd. 1 / Pk. 6 (NYG),Duke
9906,Danny Amendola,/nfl/danny-amendola-fantasy/9906,WR,"5'11"" / 185 lbs.","November 2, 1985 (36)",14th Season,2008 / Rd.  / Pk.  (DAL),Texas Tech
19854,Dante Pettis,/nfl/dante-pettis-fantasy/19854,WR,"6'1"" / 195 lbs.","October 23, 1995 (26)",5th Season,2018 / Rd. 2 / Pk. 44 (SF),Washington
19626,Dare Ogunbowale,/nfl/dare-ogunbowale-fantasy/19626,RB,"5'10"" / 205 lbs.","May 4, 1994 (28)",4th Season,2017 / Rd.  / Pk.  (HOU),Wisconsin
21826,Darius Bradwell,/nfl/darius-bradwell-fantasy/21826,RB,"6'0"" / 235 lbs.","May 15, 1997 (25)",2nd Season,2020 / Rd.  / Pk.  (LAC),Tulane
20943,Darius Slayton,/nfl/darius-slayton-fantasy/20943,WR,"6'1"" / 190 lbs.","January 12, 1997 (25)",4th Season,2019 / Rd. 5 / Pk. 171 (NYG),Auburn
21961,Darnell Mooney,/nfl/darnell-mooney-fantasy/21961,WR,"5'10"" / 176 lbs.","October 29, 1997 (24)",3rd Season,2020 / Rd. 5 / Pk. 173 (CHI),Tulane
20500,Darrel Williams,/nfl/darrel-williams-fantasy/20500,RB,"5'11"" / 224 lbs.","April 15, 1995 (27)",5th Season,2018 / Rd.  / Pk.  (KC),LSU
19176,Darrell Daniels,/nfl/darrell-daniels-fantasy/19176,TE,"6'3"" / 256 lbs.","November 22, 1994 (27)",6th Season,2017 / Rd.  / Pk.  (IND),Washington
20798,Darrell Henderson Jr.,/nfl/darrell-henderson-jr-fantasy/20798,RB,"5'8"" / 208 lbs.","August 19, 1997 (24)",4th Season,2019 / Rd. 3 / Pk. 70 (LAR),Memphis
15247,Darren Fells,/nfl/darren-fells-fantasy/15247,TE,"6'7"" / 281 lbs.","April 22, 1986 (36)",8th Season,2013 / Rd.  / Pk.  (SEA),California-Irvine
16964,Darren Waller,/nfl/darren-waller-fantasy/16964,TE,"6'6"" / 255 lbs.","September 13, 1992 (29)",6th Season,2015 / Rd. 6 / Pk. 204 (BAL),Georgia Tech
21845,Darrynton Evans,/nfl/darrynton-evans-fantasy/21845,RB,"5'10"" / 203 lbs.","July 9, 1998 (24)",3rd Season,2020 / Rd. 3 / Pk. 93 (TEN),Appalachian State
19981,Daurice Fountain,/nfl/daurice-fountain-fantasy/19981,WR,"6'2"" / 210 lbs.","December 22, 1995 (26)",4th Season,2018 / Rd. 5 / Pk. 159 (IND),Northern Iowa
16470,Davante Adams,/nfl/davante-adams-fantasy/16470,WR,"6'1"" / 215 lbs.","December 24, 1992 (29)",9th Season,2014 / Rd. 2 / Pk. 53 (GB),Fresno State
21277,David Blough,/nfl/david-blough-fantasy/21277,QB,"6'1"" / 205 lbs.","July 31, 1995 (26)",4th Season,2019 / Rd.  / Pk.  (CLE),Purdue
16847,David Johnson,/nfl/david-johnson-fantasy/16847,RB,"6'1"" / 224 lbs.","December 16, 1991 (30)",8th Season,2015 / Rd. 3 / Pk. 86 (ARI),Northern Iowa
20882,David Montgomery,/nfl/david-montgomery-fantasy/20882,RB,"5'10"" / 222 lbs.","June 7, 1997 (25)",4th Season,2019 / Rd. 3 / Pk. 73 (CHI),Iowa State
19120,David Moore,/nfl/david-moore-fantasy/19120,WR,"6'0"" / 215 lbs.","January 15, 1995 (27)",6th Season,2017 / Rd. 7 / Pk. 226 (SEA),East Central (OK)
18876,David Njoku,/nfl/david-njoku-fantasy/18876,TE,"6'4"" / 246 lbs.","July 10, 1996 (26)",6th Season,2017 / Rd. 1 / Pk. 29 (CLE),Miami (FL)
20939,David Sills V,/nfl/david-sills-v-fantasy/20939,WR,"6'3"" / 211 lbs.","May 29, 1996 (26)",3rd Season,2019 / Rd.  / Pk.  (BUF),West Virginia
20199,David Wells,/nfl/david-wells-fantasy/20199,TE,"6'6"" / 260 lbs.","May 2, 1995 (27)",3rd Season,2018 / Rd.  / Pk.  (DAL),San Diego State
21311,Davion Davis,/nfl/davion-davis-fantasy/21311,WR,"5'11"" / 195 lbs.","October 23, 1996 (25)",3rd Season,2019 / Rd.  / Pk.  (MIN),Sam Houston State
22505,Davis Mills,/nfl/davis-mills-fantasy/22505,QB,"6'4"" / 225 lbs.","October 21, 1998 (23)",2nd Season,2021 / Rd. 3 / Pk. 67 (HOU),Stanford
18907,Davis Webb,/nfl/davis-webb-fantasy/18907,QB,"6'5"" / 225 lbs.","January 22, 1995 (27)",5th Season,2017 / Rd. 3 / Pk. 87 (NYG),California
20850,Dawson Knox,/nfl/dawson-knox-fantasy/20850,TE,"6'4"" / 254 lbs.","November 14, 1996 (25)",4th Season,2019 / Rd. 3 / Pk. 96 (BUF),Mississippi
22572,Dax Milne,/nfl/dax-milne-fantasy/22572,WR,"6'0"" / 190 lbs.","June 23, 1999 (23)",2nd Season,2021 / Rd. 7 / Pk. 258 (WAS),Brigham Young
22573,Dazz Newsome,/nfl/dazz-newsome-fantasy/22573,WR,"5'11"" / 190 lbs.","May 15, 1999 (23)",1st Season,2021 / Rd. 6 / Pk. 221 (CHI),North Carolina
17218,DeAndre Carter,/nfl/deandre-carter-fantasy/17218,WR,"5'8"" / 190 lbs.","April 10, 1993 (29)",5th Season,2015 / Rd.  / Pk.  (BAL),Sacramento State
14986,DeAndre Hopkins,/nfl/deandre-hopkins-fantasy/14986,WR,"6'1"" / 212 lbs.","June 6, 1992 (30)",9th Season,2013 / Rd. 1 / Pk. 27 (HOU),Clemson
22276,DeMichael Harris,/nfl/demichael-harris-fantasy/22276,WR,"5'9"" / 175 lbs.","July 12, 1998 (24)",3rd Season,2020 / Rd.  / Pk.  (IND),Southern Mississippi
3943,DeSean Jackson,/nfl/desean-jackson-fantasy/3943,WR,"5'10"" / 175 lbs.","December 1, 1986 (35)",15th Season,2008 / Rd. 2 / Pk. 49 (PHI),California
16775,DeVante Parker,/nfl/devante-parker-fantasy/16775,WR,"6'3"" / 219 lbs.","January 20, 1993 (29)",8th Season,2015 / Rd. 1 / Pk. 14 (MIA),Louisville
21687,DeVonta Smith,/nfl/devonta-smith-fantasy/21687,WR,"6'0"" / 170 lbs.","November 14, 1998 (23)",2nd Season,2021 / Rd. 1 / Pk. 10 (PHI),Alabama
18992,Dede Westbrook,/nfl/dede-westbrook-fantasy/18992,WR,"6'0"" / 178 lbs.","November 21, 1993 (28)",6th Season,2017 / Rd. 4 / Pk. 110 (JAX),Oklahoma
22569,Dee Eskridge,/nfl/dee-eskridge-fantasy/22569,WR,"5'9"" / 190 lbs.","March 23, 1997 (25)",2nd Season,2021 / Rd. 2 / Pk. 56 (SEA),Western Michigan
21804,DeeJay Dallas,/nfl/deejay-dallas-fantasy/21804,RB,"5'10"" / 217 lbs.","September 16, 1998 (23)",3rd Season,2020 / Rd. 4 / Pk. 144 (SEA),Miami (FL)
20932,Deebo Samuel,/nfl/deebo-samuel-fantasy/20932,WR,"6'0"" / 215 lbs.","January 15, 1996 (26)",4th Season,2019 / Rd. 2 / Pk. 36 (SF),South Carolina
18047,Demarcus Robinson,/nfl/demarcus-robinson-fantasy/18047,WR,"6'1"" / 203 lbs.","September 21, 1994 (27)",7th Season,2016 / Rd. 4 / Pk. 126 (KC),Florida
22533,Demetric Felton Jr.,/nfl/demetric-felton-jr-fantasy/22533,RB,"5'9"" / 189 lbs.","July 16, 1998 (24)",2nd Season,2021 / Rd. 6 / Pk. 211 (CLE),UCLA
15305,Demetrius Harris,/nfl/demetrius-harris-fantasy/15305,TE,"6'7"" / 230 lbs.","July 29, 1991 (30)",9th Season,2013 / Rd.  / Pk.  (KC),Wisconsin-Milwaukee
21741,Denzel Mims,/nfl/denzel-mims-fantasy/21741,WR,"6'3"" / 207 lbs.","October 10, 1997 (24)",3rd Season,2020 / Rd. 2 / Pk. 59 (NYJ),Baylor
22674,Deon Jackson,/nfl/deon-jackson-fantasy/22674,RB,"6'0"" / 220 lbs.","February 18, 1999 (23)",2nd Season,2021 / Rd.  / Pk.  (IND),Duke
20332,Deon Yelder,/nfl/deon-yelder-fantasy/20332,TE,"6'4"" / 255 lbs.","March 6, 1995 (27)",5th Season,2018 / Rd.  / Pk.  (NO),Western Kentucky
21163,Deonte Harty,/nfl/deonte-harty-fantasy/21163,WR,"5'6"" / 170 lbs.","December 4, 1997 (24)",4th Season,2019 / Rd.  / Pk.  (NO),Assumption College
16311,Derek Carr,/nfl/derek-carr-fantasy/16311,QB,"6'3"" / 210 lbs.","March 28, 1991 (31)",9th Season,2014 / Rd. 2 / Pk. 36 (LV),Fresno State
15640,Derek Carrier,/nfl/derek-carrier-fantasy/15640,TE,"6'3"" / 240 lbs.","July 25, 1990 (31)",10th Season,2012 / Rd.  / Pk.  (LV),Beloit (WI)
21634,Derrick Gore,/nfl/derrick-gore-fantasy/21634,RB,"5'10"" / 212 lbs.","December 13, 1994 (27)",2nd Season,2019 / Rd.  / Pk.  (LAC),Louisiana-Monroe
17959,Derrick Henry,/nfl/derrick-henry-fantasy/17959,RB,"6'3"" / 247 lbs.","January 4, 1994 (28)",7th Season,2016 / Rd. 2 / Pk. 45 (TEN),Alabama
21771,Devin Asiasi,/nfl/devin-asiasi-fantasy/21771,TE,"6'3"" / 257 lbs.","August 14, 1997 (24)",3rd Season,2020 / Rd. 3 / Pk. 91 (NE),UCLA
21721,Devin Duvernay,/nfl/devin-duvernay-fantasy/21721,WR,"5'11"" / 200 lbs.","September 12, 1997 (24)",3rd Season,2020 / Rd. 3 / Pk. 92 (BAL),Texas
20941,Devin Singletary,/nfl/devin-singletary-fantasy/20941,RB,"5'7"" / 203 lbs.","September 3, 1997 (24)",4th Season,2019 / Rd. 3 / Pk. 74 (BUF),Florida Atlantic
16798,Devin Smith,/nfl/devin-smith-fantasy/16798,WR,"6'1"" / 199 lbs.","March 3, 1992 (30)",5th Season,2015 / Rd. 2 / Pk. 37 (NYJ),Ohio State
20904,Devine Ozigbo,/nfl/devine-ozigbo-fantasy/20904,RB,"6'2"" / 225 lbs.","October 2, 1996 (25)",4th Season,2019 / Rd.  / Pk.  (NO),Nebraska
16524,Devonta Freeman,/nfl/devonta-freeman-fantasy/16524,RB,"5'8"" / 206 lbs.","March 15, 1992 (30)",9th Season,2014 / Rd. 4 / Pk. 103 (ATL),Florida State
17970,Devontae Booker,/nfl/devontae-booker-fantasy/17970,RB,"5'11"" / 219 lbs.","May 27, 1992 (30)",7th Season,2016 / Rd. 4 / Pk. 136 (DEN),Utah
22591,Dez Fitzpatrick,/nfl/dez-fitzpatrick-fantasy/22591,WR,"6'2"" / 208 lbs.","December 17, 1997 (24)",2nd Season,2021 / Rd. 4 / Pk. 109 (TEN),Louisville
21959,Dezmon Patmon,/nfl/dezmon-patmon-fantasy/21959,WR,"6'4"" / 223 lbs.","August 6, 1998 (23)",3rd Season,2020 / Rd. 6 / Pk. 212 (IND),Washington State
22638,Dillon Stoner,/nfl/dillon-stoner-fantasy/22638,WR,"6'0"" / 198 lbs.","February 6, 1998 (24)",2nd Season,2021 / Rd.  / Pk.  (LV),Oklahoma State
21077,Diontae Johnson,/nfl/diontae-johnson-fantasy/21077,WR,"5'10"" / 183 lbs.","July 5, 1996 (26)",4th Season,2019 / Rd. 3 / Pk. 66 (PIT),Toledo
20722,Diontae Spencer,/nfl/diontae-spencer-fantasy/20722,WR,"5'8"" / 170 lbs.","March 19, 1992 (30)",4th Season,2014 / Rd.  / Pk.  (LAR),McNeese State
22477,Dominique Dafney,/nfl/dominique-dafney-fantasy/22477,TE,"6'2"" / 243 lbs.","June 3, 1997 (25)",2nd Season,2020 / Rd.  / Pk.  (IND),Indiana State
20905,Donald Parham Jr.,/nfl/donald-parham-jr-fantasy/20905,TE,"6'8"" / 240 lbs.","August 16, 1997 (24)",3rd Season,2019 / Rd.  / Pk.  (DET),Stetson
21754,Donovan Peoples-Jones,/nfl/donovan-peoples-jones-fantasy/21754,WR,"6'2"" / 204 lbs.","February 19, 1999 (23)",3rd Season,2020 / Rd. 6 / Pk. 187 (CLE),Michigan
20566,Dontrell Hilliard,/nfl/dontrell-hilliard-fantasy/20566,RB,"5'11"" / 202 lbs.","February 26, 1995 (27)",5th Season,2018 / Rd.  / Pk.  (CLE),Tulane
20859,Drew Lock,/nfl/drew-lock-fantasy/20859,QB,"6'4"" / 228 lbs.","November 10, 1996 (25)",4th Season,2019 / Rd. 2 / Pk. 42 (DEN),Missouri
20931,Drew Sample,/nfl/drew-sample-fantasy/20931,TE,"6'4"" / 258 lbs.","April 16, 1996 (26)",4th Season,2019 / Rd. 2 / Pk. 52 (CIN),Washington
16838,Duke Johnson,/nfl/duke-johnson-fantasy/16838,RB,"5'9"" / 210 lbs.","September 23, 1993 (28)",8th Season,2015 / Rd. 3 / Pk. 77 (CLE),Miami (FL)
19943,Durham Smythe,/nfl/durham-smythe-fantasy/19943,TE,"6'6"" / 260 lbs.","August 9, 1995 (26)",5th Season,2018 / Rd. 4 / Pk. 123 (MIA),Notre Dame
18152,Dwayne Washington,/nfl/dwayne-washington-fantasy/18152,RB,"6'1"" / 223 lbs.","April 24, 1994 (28)",7th Season,2016 / Rd. 7 / Pk. 236 (DET),Washington
22686,Dyami Brown,/nfl/dyami-brown-fantasy/22686,WR,"6'0"" / 195 lbs.","November 1, 1999 (22)",2nd Season,2021 / Rd. 3 / Pk. 82 (WAS),North Carolina
21724,Easop Winston Jr.,/nfl/easop-winston-jr-fantasy/21724,WR,"6'0"" / 192 lbs.","December 10, 1996 (25)",2nd Season,2021 / Rd.  / Pk.  (LAR),Washington State
22535,Elijah Mitchell,/nfl/elijah-mitchell-fantasy/22535,RB,"5'10"" / 200 lbs.","May 2, 1998 (24)",2nd Season,2021 / Rd. 6 / Pk. 194 (SF),Louisiana-Lafayette
22592,Elijah Moore,/nfl/elijah-moore-fantasy/22592,WR,"5'10"" / 178 lbs.","April 27, 2000 (22)",2nd Season,2021 / Rd. 2 / Pk. 34 (NYJ),MIssissippi
18617,Elijhaa Penny,/nfl/elijhaa-penny-fantasy/18617,RB,"6'2"" / 234 lbs.","August 17, 1993 (28)",6th Season,2016 / Rd.  / Pk.  (ARI),Idaho
11063,Emmanuel Sanders,/nfl/emmanuel-sanders-fantasy/11063,WR,"5'11"" / 180 lbs.","March 17, 1987 (35)",13th Season,2010 / Rd. 3 / Pk. 82 (PIT),Southern Methodist
21773,Eno Benjamin,/nfl/eno-benjamin-fantasy/21773,RB,"5'9"" / 207 lbs.","April 13, 1999 (23)",3rd Season,2020 / Rd. 7 / Pk. 222 (ARI),Arizona State
20398,Equanimeous St. Brown,/nfl/equanimeous-st-brown-fantasy/20398,WR,"6'5"" / 214 lbs.","September 30, 1996 (25)",5th Season,2018 / Rd. 6 / Pk. 207 (GB),Notre Dame
16451,Eric Ebron,/nfl/eric-ebron-fantasy/16451,TE,"6'4"" / 253 lbs.","April 10, 1993 (29)",9th Season,2014 / Rd. 1 / Pk. 10 (DET),North Carolina
19035,Eric Saubert,/nfl/eric-saubert-fantasy/19035,TE,"6'5"" / 253 lbs.","May 1, 1994 (28)",5th Season,2017 / Rd. 5 / Pk. 174 (ATL),Drake
17223,Eric Tomlinson,/nfl/eric-tomlinson-fantasy/17223,TE,"6'6"" / 263 lbs.","April 22, 1992 (30)",7th Season,2015 / Rd.  / Pk.  (PHI),Texas-El Paso
20193,Ethan Wolf,/nfl/ethan-wolf-fantasy/20193,TE,"6'6"" / 252 lbs.","November 7, 1995 (26)",2nd Season,2018 / Rd.  / Pk.  (TEN),Tennessee
18912,Evan Engram,/nfl/evan-engram-fantasy/18912,TE,"6'3"" / 240 lbs.","September 2, 1994 (27)",6th Season,2017 / Rd. 1 / Pk. 23 (NYG),Mississippi
17923,Ezekiel Elliott,/nfl/ezekiel-elliott-fantasy/17923,RB,"6'0"" / 228 lbs.","July 22, 1995 (26)",7th Season,2016 / Rd. 1 / Pk. 4 (DAL),Ohio State
22498,Feleipe Franks,/nfl/feleipe-franks-fantasy/22498,QB,"6'6"" / 234 lbs.","December 22, 1997 (24)",2nd Season,2021 / Rd.  / Pk.  (ATL),Arkansas
20884,Foster Moreau,/nfl/foster-moreau-fantasy/20884,TE,"6'4"" / 250 lbs.","May 6, 1997 (25)",4th Season,2019 / Rd. 4 / Pk. 137 (LV),LSU
22594,Frank Darby,/nfl/frank-darby-fantasy/22594,WR,"6'1"" / 200 lbs.","September 8, 1997 (24)",2nd Season,2021 / Rd. 6 / Pk. 187 (ATL),Arizona State
21960,Freddie Swain,/nfl/freddie-swain-fantasy/21960,WR,"6'0"" / 199 lbs.","August 4, 1998 (23)",3rd Season,2020 / Rd. 6 / Pk. 214 (SEA),Florida
21735,Gabriel Davis,/nfl/gabriel-davis-fantasy/21735,WR,"6'2"" / 210 lbs.","April 1, 1999 (23)",3rd Season,2020 / Rd. 4 / Pk. 128 (BUF),Central Florida
20880,Gardner Minshew,/nfl/gardner-minshew-fantasy/20880,QB,"6'1"" / 225 lbs.","May 16, 1996 (26)",4th Season,2019 / Rd. 6 / Pk. 178 (JAX),Washington State
16621,Garrett Gilbert,/nfl/garrett-gilbert-fantasy/16621,QB,"6'4"" / 230 lbs.","July 1, 1991 (31)",5th Season,2014 / Rd. 6 / Pk. 214 (LAR),Southern Methodist
18716,Garrett Griffin,/nfl/garrett-griffin-fantasy/18716,TE,"6'4"" / 240 lbs.","March 4, 1994 (28)",4th Season,2016 / Rd.  / Pk.  (NO),Air Force
22672,Gary Brightwell,/nfl/gary-brightwell-fantasy/22672,RB,"5'11"" / 215 lbs.","February 28, 1999 (23)",2nd Season,2021 / Rd. 6 / Pk. 196 (NYG),Arizona
14895,Geno Smith,/nfl/geno-smith-fantasy/14895,QB,"6'3"" / 221 lbs.","October 10, 1990 (31)",10th Season,2013 / Rd. 2 / Pk. 39 (NYJ),West Virginia
17005,Geoff Swaim,/nfl/geoff-swaim-fantasy/17005,TE,"6'4"" / 245 lbs.","September 16, 1993 (28)",8th Season,2015 / Rd. 7 / Pk. 246 (DAL),Texas  
19063,George Kittle,/nfl/george-kittle-fantasy/19063,TE,"6'4"" / 250 lbs.","October 9, 1993 (28)",6th Season,2017 / Rd. 5 / Pk. 146 (SF),Iowa
18935,Gerald Everett,/nfl/gerald-everett-fantasy/18935,TE,"6'3"" / 240 lbs.","June 25, 1994 (28)",6th Season,2017 / Rd. 2 / Pk. 44 (LAR),South Alabama
18269,Geronimo Allison,/nfl/geronimo-allison-fantasy/18269,WR,"6'3"" / 202 lbs.","January 18, 1994 (28)",6th Season,2016 / Rd.  / Pk.  (GB),Illinois
14916,Giovani Bernard,/nfl/giovani-bernard-fantasy/14916,RB,"5'9"" / 208 lbs.","November 22, 1991 (30)",10th Season,2013 / Rd. 2 / Pk. 37 (CIN),North Carolina
20191,Godwin Igwebuike,/nfl/godwin-igwebuike-fantasy/20191,RB,"6'0"" / 212 lbs.","September 10, 1994 (27)",3rd Season,2018 / Rd.  / Pk.  (TB),Northwestern
21071,Greg Dortch,/nfl/greg-dortch-fantasy/21071,WR,"5'7"" / 175 lbs.","May 29, 1998 (24)",3rd Season,2019 / Rd.  / Pk.  (NYJ),Wake Forest
19705,Greg Ward,/nfl/greg-ward-fantasy/19705,WR,"5'11"" / 190 lbs.","July 12, 1995 (27)",4th Season,2017 / Rd.  / Pk.  (PHI),Houston
21601,Gunner Olszewski,/nfl/gunner-olszewski-fantasy/21601,WR,"6'0"" / 190 lbs.","November 26, 1996 (25)",4th Season,2019 / Rd.  / Pk.  (NE),Bemidji State
21783,Harrison Bryant,/nfl/harrison-bryant-fantasy/21783,TE,"6'5"" / 230 lbs.","April 23, 1998 (24)",3rd Season,2020 / Rd. 4 / Pk. 115 (CLE),Florida Atlantic
19843,Hayden Hurst,/nfl/hayden-hurst-fantasy/19843,TE,"6'4"" / 250 lbs.","August 24, 1993 (28)",5th Season,2018 / Rd. 1 / Pk. 25 (BAL),South Carolina
21694,Henry Ruggs III,/nfl/henry-ruggs-iii-fantasy/21694,WR,"6'0"" / 190 lbs.","January 24, 1999 (23)",2nd Season,2020 / Rd. 1 / Pk. 12 (LV),Alabama
17975,Hunter Henry,/nfl/hunter-henry-fantasy/17975,TE,"6'5"" / 250 lbs.","December 7, 1994 (27)",7th Season,2016 / Rd. 2 / Pk. 35 (LAC),Arkansas
22663,Hunter Kampmoyer,/nfl/hunter-kampmoyer-fantasy/22663,TE,"6'4"" / 240 lbs.","February 6, 1998 (24)",1st Season,2021 / Rd.  / Pk.  (LAC),Oregon
22509,Hunter Long,/nfl/hunter-long-fantasy/22509,TE,"6'5"" / 253 lbs.","August 19, 1998 (23)",2nd Season,2021 / Rd. 3 / Pk. 81 (MIA),Boston College
20924,Hunter Renfrow,/nfl/hunter-renfrow-fantasy/20924,WR,"5'10"" / 185 lbs.","December 21, 1995 (26)",4th Season,2019 / Rd. 5 / Pk. 149 (LV),Clemson
22497,Ian Book,/nfl/ian-book-fantasy/22497,QB,"6'0"" / 210 lbs.","March 30, 1998 (24)",2nd Season,2021 / Rd. 4 / Pk. 133 (NO),Notre Dame
21208,Ian Bunting,/nfl/ian-bunting-fantasy/21208,TE,"6'7"" / 255 lbs.","February 10, 1996 (26)",2nd Season,2019 / Rd.  / Pk.  (CHI),California
19910,Ian Thomas,/nfl/ian-thomas-fantasy/19910,TE,"6'4"" / 260 lbs.","June 6, 1996 (26)",5th Season,2018 / Rd. 4 / Pk. 101 (CAR),Indiana
22595,Ihmir Smith-Marsette,/nfl/ihmir-smith-marsette-fantasy/22595,WR,"6'1"" / 180 lbs.","August 29, 1999 (22)",2nd Season,2021 / Rd. 5 / Pk. 157 (MIN),Iowa
21967,Isaiah Coulter,/nfl/isaiah-coulter-fantasy/21967,WR,"6'2"" / 198 lbs.","September 18, 1998 (23)",3rd Season,2020 / Rd. 5 / Pk. 171 (HOU),Rhode Island
19098,Isaiah Ford,/nfl/isaiah-ford-fantasy/19098,WR,"6'2"" / 194 lbs.","February 9, 1996 (26)",5th Season,2017 / Rd. 7 / Pk. 237 (MIA),Virginia Tech
21760,Isaiah Hodgins,/nfl/isaiah-hodgins-fantasy/21760,WR,"6'3"" / 201 lbs.","October 21, 1998 (23)",3rd Season,2020 / Rd. 6 / Pk. 207 (BUF),Oregon State
19043,Isaiah McKenzie,/nfl/isaiah-mckenzie-fantasy/19043,WR,"5'8"" / 173 lbs.","April 9, 1995 (27)",6th Season,2017 / Rd. 5 / Pk. 172 (DEN),Georgia
19924,Ito Smith,/nfl/ito-smith-fantasy/19924,RB,"5'9"" / 195 lbs.","September 11, 1995 (26)",5th Season,2018 / Rd. 4 / Pk. 126 (ATL),Southern Mississippi
18464,J.D. McKissic,/nfl/jd-mckissic-fantasy/18464,RB,"5'10"" / 195 lbs.","August 15, 1993 (28)",6th Season,2016 / Rd.  / Pk.  (ATL),Arkansas State
20742,J.J. Arcega-Whiteside,/nfl/jj-arcega-whiteside-fantasy/20742,TE,"6'2"" / 225 lbs.","December 31, 1996 (25)",4th Season,2019 / Rd. 2 / Pk. 57 (PHI),Stanford
22327,J.J. Koski,/nfl/jj-koski-fantasy/22327,WR,"6'1"" / 195 lbs.","December 27, 1996 (25)",2nd Season,2020 / Rd.  / Pk.  (LAR),Cal Poly-San Luis Obispo
21837,J.J. Taylor,/nfl/jj-taylor-fantasy/21837,RB,"5'6"" / 185 lbs.","January 4, 1998 (24)",3rd Season,2020 / Rd.  / Pk.  (NE),Arizona
18498,J.P. Holtz,/nfl/jp-holtz-fantasy/18498,TE,"6'3"" / 255 lbs.","August 28, 1993 (28)",4th Season,2016 / Rd.  / Pk.  (CLE),Pittsburgh
22244,Ja'Marcus Bradley,/nfl/jamarcus-bradley-fantasy/22244,WR,"6'0"" / 198 lbs.","December 11, 1996 (25)",2nd Season,2020 / Rd.  / Pk.  (CLE),Louisiana-Lafayette
22564,Ja'Marr Chase,/nfl/jamarr-chase-fantasy/22564,WR,"6'0"" / 200 lbs.","March 1, 2000 (22)",2nd Season,2021 / Rd. 1 / Pk. 5 (CIN),LSU
21765,JaMycal Hasty,/nfl/jamycal-hasty-fantasy/21765,RB,"5'8"" / 205 lbs.","September 12, 1996 (25)",3rd Season,2020 / Rd.  / Pk.  (SF),Baylor
22650,JaQuan Hardy,/nfl/jaquan-hardy-fantasy/22650,RB,"5'10"" / 225 lbs.","December 31, 1997 (24)",1st Season,2021 / Rd.  / Pk.  (DAL),Tiffin
15602,Jack Doyle,/nfl/jack-doyle-fantasy/15602,TE,"6'6"" / 262 lbs.","May 5, 1990 (32)",10th Season,2013 / Rd.  / Pk.  (TEN),Western Kentucky
22661,Jack Stoll,/nfl/jack-stoll-fantasy/22661,TE,"6'4"" / 247 lbs.","January 28, 1998 (24)",2nd Season,2021 / Rd.  / Pk.  (PHI),Nebraska
21820,Jacob Eason,/nfl/jacob-eason-fantasy/21820,QB,"6'6"" / 231 lbs.","November 17, 1997 (24)",3rd Season,2020 / Rd. 4 / Pk. 122 (IND),Washington
22683,Jacob Harris,/nfl/jacob-harris-fantasy/22683,WR,"6'5"" / 211 lbs.","April 16, 1997 (25)",2nd Season,2021 / Rd. 4 / Pk. 141 (LAR),Central Florida
19281,Jacob Hollister,/nfl/jacob-hollister-fantasy/19281,TE,"6'4"" / 245 lbs.","November 18, 1993 (28)",6th Season,2017 / Rd.  / Pk.  (NE),Wyoming
18018,Jacoby Brissett,/nfl/jacoby-brissett-fantasy/18018,QB,"6'4"" / 238 lbs.","December 11, 1992 (29)",7th Season,2016 / Rd. 3 / Pk. 91 (NE),North Carolina State
20906,Jacques Patrick,/nfl/jacques-patrick-fantasy/20906,RB,"6'2"" / 234 lbs.","January 7, 1997 (25)",1st Season,2020 / Rd.  / Pk.  (CIN),Florida State
22596,Jaelon Darden,/nfl/jaelon-darden-fantasy/22596,WR,"5'8"" / 174 lbs.","January 14, 1999 (23)",2nd Season,2021 / Rd. 4 / Pk. 129 (TB),North Texas
21828,Jake Fromm,/nfl/jake-fromm-fantasy/21828,QB,"6'2"" / 219 lbs.","July 30, 1998 (23)",3rd Season,2020 / Rd. 5 / Pk. 167 (BUF),Georgia
22678,Jake Funk,/nfl/jake-funk-fantasy/22678,RB,"5'10"" / 205 lbs.","January 11, 1998 (24)",2nd Season,2021 / Rd. 7 / Pk. 233 (LAR),Maryland
17289,Jake Kumerow,/nfl/jake-kumerow-fantasy/17289,WR,"6'4"" / 209 lbs.","February 17, 1992 (30)",5th Season,2015 / Rd.  / Pk.  (CIN),Wisconsin-Whitewater
18103,Jakeem Grant Sr.,/nfl/jakeem-grant-sr-fantasy/18103,WR,"5'7"" / 172 lbs.","October 30, 1992 (29)",7th Season,2016 / Rd. 6 / Pk. 186 (MIA),Texas Tech
20876,Jakobi Meyers,/nfl/jakobi-meyers-fantasy/20876,WR,"6'2"" / 200 lbs.","November 9, 1996 (25)",4th Season,2019 / Rd.  / Pk.  (NE),North Carolina State
22635,Jalen Camp,/nfl/jalen-camp-fantasy/22635,WR,"6'2"" / 220 lbs.","July 10, 1998 (24)",1st Season,2021 / Rd. 6 / Pk. 209 (JAX),Georgia Tech
21448,Jalen Guyton,/nfl/jalen-guyton-fantasy/21448,WR,"6'1"" / 212 lbs.","June 7, 1997 (25)",3rd Season,2019 / Rd.  / Pk.  (DAL),North Texas
21831,Jalen Hurts,/nfl/jalen-hurts-fantasy/21831,QB,"6'1"" / 222 lbs.","August 7, 1998 (23)",3rd Season,2020 / Rd. 2 / Pk. 53 (PHI),Oklahoma
21686,Jalen Reagor,/nfl/jalen-reagor-fantasy/21686,WR,"5'11"" / 197 lbs.","January 1, 1999 (23)",3rd Season,2020 / Rd. 1 / Pk. 21 (PHI),TCU
18690,Jalen Richard,/nfl/jalen-richard-fantasy/18690,RB,"5'8"" / 205 lbs.","October 15, 1993 (28)",7th Season,2016 / Rd.  / Pk.  (LV),Southern Mississippi
18995,Jamaal Williams,/nfl/jamaal-williams-fantasy/18995,RB,"6'0"" / 213 lbs.","April 3, 1995 (27)",6th Season,2017 / Rd. 4 / Pk. 134 (GB),Brigham Young
19044,Jamal Agnew,/nfl/jamal-agnew-fantasy/19044,WR,"5'10"" / 190 lbs.","April 3, 1995 (27)",6th Season,2017 / Rd. 5 / Pk. 165 (DET),San Diego
16762,Jameis Winston,/nfl/jameis-winston-fantasy/16762,QB,"6'4"" / 231 lbs.","January 6, 1994 (28)",8th Season,2015 / Rd. 1 / Pk. 1 (TB),Florida State
18983,James Conner,/nfl/james-conner-fantasy/18983,RB,"6'1"" / 233 lbs.","May 5, 1995 (27)",6th Season,2017 / Rd. 3 / Pk. 105 (PIT),Pittsburgh
16933,James O'Shaughnessy,/nfl/james-oshaughnessy-fantasy/16933,TE,"6'4"" / 245 lbs.","January 14, 1992 (30)",8th Season,2015 / Rd. 5 / Pk. 173 (KC),Illinois State
21723,James Proche II,/nfl/james-proche-ii-fantasy/21723,WR,"5'11"" / 201 lbs.","September 21, 1996 (25)",3rd Season,2020 / Rd. 6 / Pk. 201 (BAL),Southern Methodist
21970,James Robinson,/nfl/james-robinson-fantasy/21970,RB,"5'9"" / 219 lbs.","August 9, 1998 (23)",3rd Season,2020 / Rd.  / Pk.  (JAX),Illinois State
19865,James Washington,/nfl/james-washington-fantasy/19865,WR,"5'11"" / 213 lbs.","April 2, 1996 (26)",5th Season,2018 / Rd. 2 / Pk. 60 (PIT),Oklahoma State
16056,James White,/nfl/james-white-fantasy/16056,RB,"5'10"" / 205 lbs.","February 3, 1992 (30)",9th Season,2014 / Rd. 4 / Pk. 130 (NE),Wisconsin
16866,Jamison Crowder,/nfl/jamison-crowder-fantasy/16866,WR,"5'9"" / 177 lbs.","June 17, 1993 (29)",8th Season,2015 / Rd. 4 / Pk. 105 (WAS),Duke
8534,Jared Cook,/nfl/jared-cook-fantasy/8534,TE,"6'5"" / 254 lbs.","April 7, 1987 (35)",14th Season,2009 / Rd. 3 / Pk. 89 (TEN),South Carolina
17922,Jared Goff,/nfl/jared-goff-fantasy/17922,QB,"6'4"" / 217 lbs.","October 14, 1994 (27)",7th Season,2016 / Rd. 1 / Pk. 1 (LAR),California
21676,Jared Pinkney,/nfl/jared-pinkney-fantasy/21676,TE,"6'4"" / 257 lbs.","August 21, 1997 (24)",2nd Season,2020 / Rd.  / Pk.  (ATL),Vanderbilt
22556,Jaret Patterson,/nfl/jaret-patterson-fantasy/22556,RB,"5'8"" / 195 lbs.","December 23, 1999 (22)",2nd Season,2021 / Rd.  / Pk.  (WAS),Buffalo
16020,Jarvis Landry,/nfl/jarvis-landry-fantasy/16020,WR,"5'11"" / 196 lbs.","November 28, 1992 (29)",9th Season,2014 / Rd. 2 / Pk. 63 (MIA),LSU
21764,Jason Huntley,/nfl/jason-huntley-fantasy/21764,RB,"5'9"" / 193 lbs.","April 20, 1998 (24)",3rd Season,2020 / Rd. 5 / Pk. 172 (DET),New Mexico State
21178,Jason Moore Jr.,/nfl/jason-moore-jr-fantasy/21178,WR,"6'3"" / 213 lbs.","June 23, 1995 (27)",4th Season,2019 / Rd.  / Pk.  (LAC),Findlay
21717,Jauan Jennings,/nfl/jauan-jennings-fantasy/21717,WR,"6'3"" / 208 lbs.","July 10, 1997 (25)",2nd Season,2020 / Rd. 7 / Pk. 217 (SF),Tennessee
22558,Javonte Williams,/nfl/javonte-williams-fantasy/22558,RB,"5'10"" / 220 lbs.","April 25, 2000 (22)",2nd Season,2021 / Rd. 2 / Pk. 35 (DEN),North Carolina
18673,Jaydon Mickens,/nfl/jaydon-mickens-fantasy/18673,WR,"5'11"" / 170 lbs.","April 21, 1994 (28)",5th Season,2016 / Rd.  / Pk.  (LV),Washington
19996,Jaylen Samuels,/nfl/jaylen-samuels-fantasy/19996,RB,"6'0"" / 225 lbs.","July 20, 1996 (25)",5th Season,2018 / Rd. 5 / Pk. 165 (PIT),North Carolina State
22598,Jaylen Waddle,/nfl/jaylen-waddle-fantasy/22598,WR,"5'10"" / 182 lbs.","November 25, 1998 (23)",2nd Season,2021 / Rd. 1 / Pk. 6 (MIA),Alabama
22311,Jeff Cotton Jr.,/nfl/jeff-cotton-jr-fantasy/22311,WR,"6'2"" / 204 lbs.","April 17, 1997 (25)",2nd Season,2020 / Rd.  / Pk.  (LAC),Idaho
18123,Jeff Driskel,/nfl/jeff-driskel-fantasy/18123,QB,"6'4"" / 235 lbs.","April 23, 1993 (29)",7th Season,2016 / Rd. 6 / Pk. 207 (SF),Louisiana Tech
21078,Jeff Smith,/nfl/jeff-smith-fantasy/21078,WR,"6'1"" / 195 lbs.","April 21, 1997 (25)",3rd Season,2019 / Rd.  / Pk.  (NYJ),Boston College
20360,Jeff Wilson Jr.,/nfl/jeff-wilson-jr-fantasy/20360,RB,"6'0"" / 213 lbs.","November 16, 1995 (26)",5th Season,2018 / Rd.  / Pk.  (SF),North Texas
19065,Jeremy McNichols,/nfl/jeremy-mcnichols-fantasy/19065,RB,"5'9"" / 214 lbs.","December 26, 1995 (26)",4th Season,2017 / Rd. 5 / Pk. 162 (TB),Boise State
19067,Jeremy Sprinkle,/nfl/jeremy-sprinkle-fantasy/19067,TE,"6'5"" / 252 lbs.","August 10, 1994 (27)",6th Season,2017 / Rd. 5 / Pk. 154 (WAS),Arkansas
16510,Jerick McKinnon,/nfl/jerick-mckinnon-fantasy/16510,RB,"5'9"" / 205 lbs.","May 3, 1992 (30)",9th Season,2014 / Rd. 3 / Pk. 96 (MIN),Georgia Southern
22555,Jermar Jefferson,/nfl/jermar-jefferson-fantasy/22555,RB,"5'9"" / 210 lbs.","April 15, 2000 (22)",2nd Season,2021 / Rd. 7 / Pk. 257 (DET),Oregon State
21692,Jerry Jeudy,/nfl/jerry-jeudy-fantasy/21692,WR,"6'1"" / 193 lbs.","April 24, 1999 (23)",3rd Season,2020 / Rd. 1 / Pk. 15 (DEN),Alabama
20812,Jesper Horsted,/nfl/jesper-horsted-fantasy/20812,TE,"6'3"" / 237 lbs.","February 27, 1997 (25)",3rd Season,2019 / Rd.  / Pk.  (CHI),Princeton
16920,Jesse James,/nfl/jesse-james-fantasy/16920,TE,"6'7"" / 250 lbs.","June 4, 1994 (28)",8th Season,2015 / Rd. 5 / Pk. 160 (PIT),Penn State
16041,Jimmy Garoppolo,/nfl/jimmy-garoppolo-fantasy/16041,QB,"6'2"" / 225 lbs.","November 2, 1991 (30)",9th Season,2014 / Rd. 2 / Pk. 62 (NE),Eastern Illinois
11488,Jimmy Graham,/nfl/jimmy-graham-fantasy/11488,TE,"6'6"" / 259 lbs.","November 24, 1986 (35)",13th Season,2010 / Rd. 3 / Pk. 95 (NO),Miami (FL)
19184,JoJo Natson,/nfl/jojo-natson-fantasy/19184,WR,"5'7"" / 153 lbs.","February 1, 1994 (28)",5th Season,2017 / Rd.  / Pk.  (IND),Akron
21693,Joe Burrow,/nfl/joe-burrow-fantasy/21693,QB,"6'4"" / 221 lbs.","December 10, 1996 (25)",3rd Season,2020 / Rd. 1 / Pk. 1 (CIN),LSU
611,Joe Flacco,/nfl/joe-flacco-fantasy/611,QB,"6'6"" / 245 lbs.","January 16, 1985 (37)",15th Season,2008 / Rd. 1 / Pk. 18 (BAL),Delaware
18858,Joe Mixon,/nfl/joe-mixon-fantasy/18858,RB,"6'1"" / 220 lbs.","July 24, 1996 (25)",6th Season,2017 / Rd. 2 / Pk. 48 (CIN),Oklahoma
22657,John Bates,/nfl/john-bates-fantasy/22657,TE,"6'6"" / 259 lbs.","November 6, 1997 (24)",2nd Season,2021 / Rd. 4 / Pk. 124 (WAS),Boise State
16640,John Brown,/nfl/john-brown-fantasy/16640,WR,"5'11"" / 178 lbs.","April 3, 1990 (32)",8th Season,2014 / Rd. 3 / Pk. 91 (ARI),Pittsburg State (KS)
21731,John Hightower,/nfl/john-hightower-fantasy/21731,WR,"6'2"" / 190 lbs.","May 31, 1996 (26)",3rd Season,2020 / Rd. 5 / Pk. 168 (PHI),Boise State
19957,John Kelly Jr.,/nfl/john-kelly-jr-fantasy/19957,RB,"5'10"" / 208 lbs.","October 4, 1996 (25)",4th Season,2018 / Rd. 6 / Pk. 176 (LAR),Tennessee
18881,John Ross,/nfl/john-ross-fantasy/18881,WR,"5'11"" / 194 lbs.","November 27, 1995 (26)",6th Season,2017 / Rd. 1 / Pk. 9 (CIN),Washington
20703,John Wolford,/nfl/john-wolford-fantasy/20703,QB,"6'1"" / 200 lbs.","October 16, 1995 (26)",3rd Season,2018 / Rd.  / Pk.  (NYJ),Wake Forest
19165,Johnny Mundt,/nfl/johnny-mundt-fantasy/19165,TE,"6'4"" / 233 lbs.","November 23, 1994 (27)",5th Season,2017 / Rd.  / Pk.  (LAR),Oregon
21682,Jonathan Taylor,/nfl/jonathan-taylor-fantasy/21682,RB,"5'11"" / 219 lbs.","January 19, 1999 (23)",3rd Season,2020 / Rd. 2 / Pk. 41 (IND),Wisconsin
21782,Jonathan Ward,/nfl/jonathan-ward-fantasy/21782,RB,"6'0"" / 202 lbs.","September 30, 1997 (24)",3rd Season,2020 / Rd.  / Pk.  (ARI),Central Michigan
18073,Jonathan Williams,/nfl/jonathan-williams-fantasy/18073,RB,"6'0"" / 217 lbs.","February 2, 1994 (28)",7th Season,2016 / Rd. 5 / Pk. 156 (BUF),Arkansas
18990,Jonnu Smith,/nfl/jonnu-smith-fantasy/18990,TE,"6'3"" / 248 lbs.","August 22, 1995 (26)",6th Season,2017 / Rd. 3 / Pk. 100 (TEN),Florida International
19903,Jordan Akins,/nfl/jordan-akins-fantasy/19903,TE,"6'4"" / 243 lbs.","April 19, 1992 (30)",5th Season,2018 / Rd. 3 / Pk. 98 (HOU),Central Florida
20264,Jordan Franks,/nfl/jordan-franks-fantasy/20264,TE,"6'4"" / 240 lbs.","February 1, 1996 (26)",4th Season,2018 / Rd.  / Pk.  (CIN),Central Florida
18067,Jordan Howard,/nfl/jordan-howard-fantasy/18067,RB,"6'0"" / 224 lbs.","November 2, 1994 (27)",7th Season,2016 / Rd. 5 / Pk. 150 (CHI),Indiana
21841,Jordan Love,/nfl/jordan-love-fantasy/21841,QB,"6'4"" / 224 lbs.","November 2, 1998 (23)",3rd Season,2020 / Rd. 1 / Pk. 26 (GB),Utah State
15974,Jordan Matthews,/nfl/jordan-matthews-fantasy/15974,TE,"6'3"" / 215 lbs.","July 16, 1992 (30)",9th Season,2014 / Rd. 2 / Pk. 42 (PHI),Vanderbilt
20935,Jordan Scarlett,/nfl/jordan-scarlett-fantasy/20935,RB,"5'11"" / 210 lbs.","July 8, 1995 (27)",2nd Season,2019 / Rd. 5 / Pk. 154 (CAR),Florida
20376,Jordan Veasy,/nfl/jordan-veasy-fantasy/20376,WR,"6'3"" / 221 lbs.","June 23, 1995 (27)",2nd Season,2018 / Rd.  / Pk.  (TEN),California
19979,Jordan Wilkins,/nfl/jordan-wilkins-fantasy/19979,RB,"6'1"" / 216 lbs.","July 18, 1994 (27)",5th Season,2018 / Rd. 5 / Pk. 169 (IND),Mississippi
20075,Josh Adams,/nfl/josh-adams-fantasy/20075,RB,"6'2"" / 225 lbs.","October 29, 1996 (25)",5th Season,2018 / Rd.  / Pk.  (PHI),Notre Dame
19801,Josh Allen,/nfl/josh-allen-fantasy/19801,QB,"6'5"" / 237 lbs.","May 21, 1996 (26)",5th Season,2018 / Rd. 1 / Pk. 7 (BUF),Wyoming
14587,Josh Gordon,/nfl/josh-gordon-fantasy/14587,WR,"6'3"" / 225 lbs.","April 13, 1991 (31)",7th Season,2012 / Rd. 2 / Pk.  (CLE),Baylor
22283,Josh Hammond,/nfl/josh-hammond-fantasy/22283,WR,"6'0"" / 194 lbs.","July 24, 1998 (23)",2nd Season,2020 / Rd.  / Pk.  (JAX),Florida
20824,Josh Jacobs,/nfl/josh-jacobs-fantasy/20824,RB,"5'10"" / 220 lbs.","February 11, 1998 (24)",4th Season,2019 / Rd. 1 / Pk. 24 (LV),Alabama
6489,Josh Johnson,/nfl/josh-johnson-fantasy/6489,QB,"6'2"" / 201 lbs.","May 15, 1986 (36)",9th Season,2008 / Rd. 5 / Pk. 160 (TB),San Diego
22652,Josh Johnson,/nfl/josh-johnson-fantasy/22652,RB,"5'9"" / 209 lbs.","December 26, 1997 (24)",1st Season,2021 / Rd.  / Pk.  (SEA),Louisiana-Monroe
20899,Josh Oliver,/nfl/josh-oliver-fantasy/20899,TE,"6'5"" / 249 lbs.","March 21, 1997 (25)",4th Season,2019 / Rd. 3 / Pk. 69 (JAX),San Jose State
19017,Josh Reynolds,/nfl/josh-reynolds-fantasy/19017,WR,"6'3"" / 196 lbs.","February 16, 1995 (27)",6th Season,2017 / Rd. 4 / Pk. 117 (LAR),Texas A&M
19763,Josh Rosen,/nfl/josh-rosen-fantasy/19763,QB,"6'4"" / 226 lbs.","February 10, 1997 (25)",5th Season,2018 / Rd. 1 / Pk. 10 (ARI),UCLA
21776,Joshua Kelley,/nfl/joshua-kelley-fantasy/21776,RB,"5'11"" / 213 lbs.","November 20, 1997 (24)",3rd Season,2020 / Rd. 4 / Pk. 112 (LAC),UCLA
22613,Joshua Palmer,/nfl/joshua-palmer-fantasy/22613,WR,"6'2"" / 210 lbs.","September 22, 1999 (22)",2nd Season,2021 / Rd. 3 / Pk. 77 (LAC),Tennessee
21798,Josiah Deguara,/nfl/josiah-deguara-fantasy/21798,TE,"6'2"" / 239 lbs.","February 14, 1997 (25)",3rd Season,2020 / Rd. 3 / Pk. 94 (GB),Cincinnati
18883,JuJu Smith-Schuster,/nfl/juju-smith-schuster-fantasy/18883,WR,"6'1"" / 215 lbs.","November 22, 1996 (25)",6th Season,2017 / Rd. 2 / Pk. 62 (PIT),USC
13291,Julio Jones,/nfl/julio-jones-fantasy/13291,WR,"6'3"" / 220 lbs.","February 8, 1989 (33)",12th Season,2011 / Rd. 1 / Pk. 6 (ATL),Alabama
22492,Justin Fields,/nfl/justin-fields-fantasy/22492,QB,"6'3"" / 228 lbs.","March 5, 1999 (23)",2nd Season,2021 / Rd. 1 / Pk. 11 (CHI),Ohio State
21681,Justin Herbert,/nfl/justin-herbert-fantasy/21681,QB,"6'6"" / 240 lbs.","March 10, 1998 (24)",3rd Season,2020 / Rd. 1 / Pk. 6 (LAC),Oregon
20064,Justin Jackson,/nfl/justin-jackson-fantasy/20064,RB,"6'0"" / 199 lbs.","April 22, 1996 (26)",5th Season,2018 / Rd. 7 / Pk. 251 (LAC),Northwestern
21685,Justin Jefferson,/nfl/justin-jefferson-fantasy/21685,WR,"6'1"" / 202 lbs.","January 16, 1999 (23)",3rd Season,2020 / Rd. 1 / Pk. 22 (MIN),LSU
19922,Justin Watson,/nfl/justin-watson-fantasy/19922,WR,"6'3"" / 215 lbs.","April 4, 1995 (27)",5th Season,2018 / Rd. 5 / Pk. 144 (TB),Pennsylvania
21738,Juwan Johnson,/nfl/juwan-johnson-fantasy/21738,TE,"6'4"" / 231 lbs.","September 13, 1996 (25)",3rd Season,2020 / Rd.  / Pk.  (NO),Oregon
21115,Juwann Winfree,/nfl/juwann-winfree-fantasy/21115,WR,"6'3"" / 215 lbs.","September 4, 1996 (25)",4th Season,2019 / Rd. 6 / Pk. 187 (DEN),Colorado
21714,K.J. Osborn,/nfl/kj-osborn-fantasy/21714,WR,"6'0"" / 205 lbs.","June 10, 1997 (25)",3rd Season,2020 / Rd. 5 / Pk. 176 (MIN),Miami (FL)
21759,KJ Hamler,/nfl/kj-hamler-fantasy/21759,WR,"5'9"" / 178 lbs.","July 8, 1999 (23)",3rd Season,2020 / Rd. 2 / Pk. 46 (DEN),Penn State
21758,KJ Hill Jr.,/nfl/kj-hill-jr-fantasy/21758,WR,"6'0"" / 198 lbs.","September 15, 1997 (24)",2nd Season,2020 / Rd. 7 / Pk. 220 (LAC),Ohio State
22614,Kadarius Toney,/nfl/kadarius-toney-fantasy/22614,WR,"6'0"" / 193 lbs.","January 27, 1999 (23)",2nd Season,2021 / Rd. 1 / Pk. 20 (NYG),Florida
20946,Kaden Smith,/nfl/kaden-smith-fantasy/20946,TE,"6'5"" / 249 lbs.","April 24, 1997 (25)",4th Season,2019 / Rd. 6 / Pk. 176 (SF),Stanford
20974,Kahale Warring,/nfl/kahale-warring-fantasy/20974,TE,"6'5"" / 252 lbs.","March 23, 1997 (25)",4th Season,2019 / Rd. 3 / Pk. 86 (HOU),San Diego State
19824,Kalen Ballage,/nfl/kalen-ballage-fantasy/19824,RB,"6'2"" / 231 lbs.","December 22, 1995 (26)",5th Season,2018 / Rd. 4 / Pk. 131 (MIA),Arizona State
18422,Kalif Raymond,/nfl/kalif-raymond-fantasy/18422,WR,"5'8"" / 182 lbs.","August 8, 1994 (27)",6th Season,2016 / Rd.  / Pk.  (DEN),Holy Cross
18944,Kareem Hunt,/nfl/kareem-hunt-fantasy/18944,RB,"5'11"" / 216 lbs.","August 6, 1995 (26)",6th Season,2017 / Rd. 3 / Pk. 86 (KC),Toledo
22615,Kawaan Baker,/nfl/kawaan-baker-fantasy/22615,WR,"6'1"" / 210 lbs.","August 24, 1998 (23)",1st Season,2021 / Rd. 7 / Pk. 255 (NO),South Alabama
21788,Ke'Shawn Vaughn,/nfl/keshawn-vaughn-fantasy/21788,RB,"5'10"" / 214 lbs.","May 4, 1997 (25)",3rd Season,2020 / Rd. 3 / Pk. 76 (TB),Vanderbilt
19514,Keelan Cole,/nfl/keelan-cole-fantasy/19514,WR,"6'1"" / 194 lbs.","April 20, 1993 (29)",6th Season,2017 / Rd.  / Pk.  (JAX),Kentucky Wesleyan
15076,Keenan Allen,/nfl/keenan-allen-fantasy/15076,WR,"6'2"" / 211 lbs.","April 27, 1992 (30)",10th Season,2013 / Rd. 3 / Pk. 76 (LAC),California
20071,Keith Kirkwood,/nfl/keith-kirkwood-fantasy/20071,WR,"6'3"" / 210 lbs.","December 26, 1994 (27)",5th Season,2018 / Rd.  / Pk.  (NO),Temple
19937,Keke Coutee,/nfl/keke-coutee-fantasy/19937,WR,"5'11"" / 187 lbs.","January 14, 1997 (25)",5th Season,2018 / Rd. 4 / Pk. 103 (HOU),Texas Tech
21817,Kellen Mond,/nfl/kellen-mond-fantasy/21817,QB,"6'3"" / 211 lbs.","June 22, 1999 (23)",2nd Season,2021 / Rd. 3 / Pk. 66 (MIN),Texas A&M
21032,Kendall Blanton,/nfl/kendall-blanton-fantasy/21032,TE,"6'6"" / 262 lbs.","November 10, 1995 (26)",2nd Season,2019 / Rd.  / Pk.  (LAR),Missouri
22213,Kendall Hinton,/nfl/kendall-hinton-fantasy/22213,WR,"6'0"" / 195 lbs.","February 19, 1997 (25)",2nd Season,2020 / Rd.  / Pk.  (DEN),Wake Forest
19318,Kendrick Bourne,/nfl/kendrick-bourne-fantasy/19318,WR,"6'1"" / 203 lbs.","August 4, 1995 (26)",6th Season,2017 / Rd.  / Pk.  (SF),Eastern Washington
22676,Kene Nwangwu,/nfl/kene-nwangwu-fantasy/22676,RB,"6'1"" / 213 lbs.","February 9, 1998 (24)",2nd Season,2021 / Rd. 4 / Pk. 119 (MIN),Iowa State
15185,Kenjon Barner,/nfl/kenjon-barner-fantasy/15185,RB,"5'9"" / 195 lbs.","April 28, 1989 (33)",9th Season,2013 / Rd. 6 / Pk. 182 (CAR),Oregon
22562,Kenneth Gainwell,/nfl/kenneth-gainwell-fantasy/22562,RB,"5'9"" / 200 lbs.","March 14, 1999 (23)",2nd Season,2021 / Rd. 5 / Pk. 150 (PHI),Memphis
18977,Kenny Golladay,/nfl/kenny-golladay-fantasy/18977,WR,"6'4"" / 214 lbs.","November 3, 1993 (28)",6th Season,2017 / Rd. 3 / Pk. 96 (DET),Northern Illinois
15196,Kenny Stills,/nfl/kenny-stills-fantasy/15196,WR,"6'1"" / 202 lbs.","April 22, 1992 (30)",10th Season,2013 / Rd. 5 / Pk. 144 (NO),Oklahoma
22514,Kenny Yeboah,/nfl/kenny-yeboah-fantasy/22514,TE,"6'3"" / 250 lbs.","October 30, 1998 (23)",2nd Season,2021 / Rd.  / Pk.  (NYJ),Mississippi
18003,Kenyan Drake,/nfl/kenyan-drake-fantasy/18003,RB,"6'1"" / 211 lbs.","January 26, 1994 (28)",7th Season,2016 / Rd. 3 / Pk. 73 (MIA),Alabama
19822,Kerryon Johnson,/nfl/kerryon-johnson-fantasy/19822,RB,"5'11"" / 211 lbs.","June 30, 1997 (25)",4th Season,2018 / Rd. 2 / Pk. 43 (DET),Auburn
18079,Kevin Hogan,/nfl/kevin-hogan-fantasy/18079,QB,"6'3"" / 218 lbs.","October 20, 1992 (29)",6th Season,2016 / Rd. 5 / Pk. 162 (KC),Stanford
20134,Kevin Rader,/nfl/kevin-rader-fantasy/20134,TE,"6'4"" / 250 lbs.","April 26, 1995 (27)",3rd Season,2018 / Rd.  / Pk.  (GB),Youngstown State
16768,Kevin White,/nfl/kevin-white-fantasy/16768,WR,"6'3"" / 215 lbs.","June 25, 1993 (29)",7th Season,2015 / Rd. 1 / Pk. 7 (CHI),West Virginia
20679,KhaDarel Hodge,/nfl/khadarel-hodge-fantasy/20679,WR,"5'11"" / 183 lbs.","January 3, 1995 (27)",5th Season,2018 / Rd.  / Pk.  (LAR),Prairie View A&M
22563,Khalil Herbert,/nfl/khalil-herbert-fantasy/22563,RB,"5'9"" / 210 lbs.","April 21, 1998 (24)",2nd Season,2021 / Rd. 6 / Pk. 217 (CHI),Virginia Tech
14252,Kirk Cousins,/nfl/kirk-cousins-fantasy/14252,QB,"6'3"" / 202 lbs.","August 19, 1988 (33)",11th Season,2012 / Rd. 4 / Pk. 102 (WAS),Michigan State
22339,Kirk Merritt,/nfl/kirk-merritt-fantasy/22339,WR,"6'0"" / 208 lbs.","January 5, 1997 (25)",3rd Season,2020 / Rd.  / Pk.  (MIA),Arkansas State
22417,Kristian Wilkerson,/nfl/kristian-wilkerson-fantasy/22417,WR,"6'1"" / 201 lbs.","January 10, 1997 (25)",2nd Season,2020 / Rd.  / Pk.  (TEN),Southeast Missouri State
20089,Kurt Benkert,/nfl/kurt-benkert-fantasy/20089,QB,"6'4"" / 215 lbs.","July 17, 1995 (27)",3rd Season,2018 / Rd.  / Pk.  (ATL),Virginia
20053,Kyle Allen,/nfl/kyle-allen-fantasy/20053,QB,"6'3"" / 210 lbs.","March 8, 1996 (26)",4th Season,2018 / Rd.  / Pk.  (CAR),Houston
22508,Kyle Pitts,/nfl/kyle-pitts-fantasy/22508,TE,"6'6"" / 246 lbs.","October 6, 2000 (21)",2nd Season,2021 / Rd. 1 / Pk. 4 (ATL),Florida
13275,Kyle Rudolph,/nfl/kyle-rudolph-fantasy/13275,TE,"6'6"" / 265 lbs.","November 9, 1989 (32)",12th Season,2011 / Rd. 2 / Pk. 43 (MIN),Notre Dame
22823,Kylen Granson,/nfl/kylen-granson-fantasy/22823,TE,"6'2"" / 242 lbs.","March 27, 1998 (24)",2nd Season,2021 / Rd. 4 / Pk. 127 (IND),Southern Methodist
20889,Kyler Murray,/nfl/kyler-murray-fantasy/20889,QB,"5'10"" / 207 lbs.","August 7, 1997 (24)",4th Season,2019 / Rd. 1 / Pk. 1 (ARI),Oklahoma
21840,Kylin Hill,/nfl/kylin-hill-fantasy/21840,RB,"5'10"" / 214 lbs.","August 18, 1998 (23)",2nd Season,2021 / Rd. 7 / Pk. 256 (GB),Mississippi State
21797,La'Mical Perine,/nfl/lamical-perine-fantasy/21797,RB,"5'11"" / 216 lbs.","January 30, 1998 (24)",3rd Season,2020 / Rd. 4 / Pk. 120 (NYJ),Florida
19781,Lamar Jackson,/nfl/lamar-jackson-fantasy/19781,QB,"6'2"" / 212 lbs.","January 7, 1997 (25)",5th Season,2018 / Rd. 1 / Pk. 32 (BAL),Louisville
22991,Landen Akers,/nfl/landen-akers-fantasy/22991,WR,"6'0"" / 192 lbs.","July 7, 1997 (25)",1st Season,2021 / Rd.  / Pk.  (LAR),Iowa State
17914,Laquon Treadwell,/nfl/laquon-treadwell-fantasy/17914,WR,"6'2"" / 215 lbs.","June 14, 1995 (27)",6th Season,2016 / Rd. 1 / Pk. 23 (MIN),Mississippi
21777,Larry Rountree III,/nfl/larry-rountree-iii-fantasy/21777,RB,"5'11"" / 216 lbs.","February 13, 1998 (24)",2nd Season,2021 / Rd. 6 / Pk. 198 (LAC),Missouri
15071,Latavius Murray,/nfl/latavius-murray-fantasy/15071,RB,"6'3"" / 230 lbs.","January 18, 1990 (32)",10th Season,2013 / Rd. 6 / Pk. 181 (LV),Central Florida
21697,Laviska Shenault Jr.,/nfl/laviska-shenault-jr-fantasy/21697,WR,"6'1"" / 227 lbs.","October 5, 1998 (23)",3rd Season,2020 / Rd. 2 / Pk. 42 (JAX),Colorado
21728,Lawrence Cager,/nfl/lawrence-cager-fantasy/21728,TE,"6'5"" / 220 lbs.","August 20, 1997 (24)",3rd Season,2020 / Rd.  / Pk.  (NYJ),Georgia
14967,Le'Veon Bell,/nfl/leveon-bell-fantasy/14967,RB,"6'1"" / 225 lbs.","February 18, 1992 (30)",8th Season,2013 / Rd. 2 / Pk. 48 (PIT),Michigan State
12777,Lee Smith,/nfl/lee-smith-fantasy/12777,TE,"6'6"" / 265 lbs.","November 21, 1987 (34)",12th Season,2011 / Rd. 5 / Pk. 159 (NE),Marshall
18803,Leonard Fournette,/nfl/leonard-fournette-fantasy/18803,RB,"6'0"" / 228 lbs.","January 18, 1995 (27)",6th Season,2017 / Rd. 1 / Pk. 4 (JAX),LSU
20816,Lil'Jordan Humphrey,/nfl/liljordan-humphrey-fantasy/20816,WR,"6'4"" / 225 lbs.","April 19, 1998 (24)",3rd Season,2019 / Rd.  / Pk.  (NO),Texas
16656,Logan Thomas,/nfl/logan-thomas-fantasy/16656,TE,"6'6"" / 250 lbs.","July 1, 1991 (31)",8th Season,2014 / Rd. 4 / Pk. 120 (ARI),Virginia Tech
20055,Logan Woodside,/nfl/logan-woodside-fantasy/20055,QB,"6'1"" / 213 lbs.","January 27, 1995 (27)",3rd Season,2018 / Rd. 7 / Pk. 249 (CIN),Toledo
21795,Luke Farrell,/nfl/luke-farrell-fantasy/21795,TE,"6'5"" / 258 lbs.","October 14, 1997 (24)",2nd Season,2021 / Rd. 5 / Pk. 145 (JAX),Ohio State
13370,Luke Stocker,/nfl/luke-stocker-fantasy/13370,TE,"6'5"" / 253 lbs.","July 1, 1988 (34)",12th Season,2011 / Rd. 4 / Pk. 104 (TB),Tennessee
22496,Mac Jones,/nfl/mac-jones-fantasy/22496,QB,"6'3"" / 217 lbs.","September 5, 1998 (23)",2nd Season,2021 / Rd. 1 / Pk. 15 (NE),Alabama
19023,Mack Hollins,/nfl/mack-hollins-fantasy/19023,WR,"6'4"" / 221 lbs.","September 16, 1993 (28)",6th Season,2017 / Rd. 4 / Pk. 118 (PHI),North Carolina
17053,Malcolm Brown,/nfl/malcolm-brown-fantasy/17053,RB,"5'11"" / 222 lbs.","May 15, 1993 (29)",8th Season,2015 / Rd.  / Pk.  (LAR),Texas
21169,Malik Taylor,/nfl/malik-taylor-fantasy/21169,WR,"6'1"" / 220 lbs.","December 21, 1995 (26)",3rd Season,2019 / Rd.  / Pk.  (TB),Ferris State
20684,Malik Turner,/nfl/malik-turner-fantasy/20684,WR,"6'2"" / 202 lbs.","January 30, 1996 (26)",5th Season,2018 / Rd.  / Pk.  (SEA),Illinois
3061,Marcedes Lewis,/nfl/marcedes-lewis-fantasy/3061,TE,"6'6"" / 267 lbs.","May 19, 1984 (38)",17th Season,2006 / Rd. 1 / Pk. 28 (JAX),UCLA
19811,Marcell Ateman,/nfl/marcell-ateman-fantasy/19811,WR,"6'4"" / 215 lbs.","September 16, 1994 (27)",3rd Season,2018 / Rd. 7 / Pk. 228 (LV),Oklahoma State
18209,Marcus Johnson,/nfl/marcus-johnson-fantasy/18209,WR,"6'1"" / 207 lbs.","August 5, 1994 (27)",6th Season,2016 / Rd.  / Pk.  (PHI),Texas
19361,Marcus Kemp,/nfl/marcus-kemp-fantasy/19361,WR,"6'4"" / 210 lbs.","August 14, 1995 (26)",5th Season,2017 / Rd.  / Pk.  (KC),Hawaii
16763,Marcus Mariota,/nfl/marcus-mariota-fantasy/16763,QB,"6'4"" / 222 lbs.","October 30, 1993 (28)",8th Season,2015 / Rd. 1 / Pk. 2 (TEN),Oregon
19803,Mark Andrews,/nfl/mark-andrews-fantasy/19803,TE,"6'5"" / 256 lbs.","September 6, 1995 (26)",5th Season,2018 / Rd. 3 / Pk. 86 (BAL),Oklahoma
13337,Mark Ingram II,/nfl/mark-ingram-ii-fantasy/13337,RB,"5'9"" / 215 lbs.","December 21, 1989 (32)",12th Season,2011 / Rd. 1 / Pk. 28 (NO),Alabama
18998,Marlon Mack,/nfl/marlon-mack-fantasy/18998,RB,"6'0"" / 210 lbs.","March 7, 1996 (26)",6th Season,2017 / Rd. 4 / Pk. 143 (IND),South Florida
21750,Marquez Callaway,/nfl/marquez-callaway-fantasy/21750,WR,"6'2"" / 204 lbs.","March 27, 1998 (24)",3rd Season,2020 / Rd.  / Pk.  (NO),Tennessee
22618,Marquez Stevenson,/nfl/marquez-stevenson-fantasy/22618,WR,"5'10"" / 190 lbs.","March 26, 1998 (24)",2nd Season,2021 / Rd. 6 / Pk. 203 (BUF),Houston
19976,Marquez Valdes-Scantling,/nfl/marquez-valdes-scantling-fantasy/19976,WR,"6'4"" / 206 lbs.","October 10, 1994 (27)",5th Season,2018 / Rd. 5 / Pk. 174 (GB),South Florida
21045,Marquise Brown,/nfl/marquise-brown-fantasy/21045,WR,"5'9"" / 170 lbs.","June 4, 1997 (25)",4th Season,2019 / Rd. 1 / Pk. 25 (ARI),Oklahoma
14865,Marquise Goodwin,/nfl/marquise-goodwin-fantasy/14865,WR,"5'9"" / 180 lbs.","November 19, 1990 (31)",9th Season,2013 / Rd. 3 / Pk. 78 (BUF),Texas
18717,Marvin Hall,/nfl/marvin-hall-fantasy/18717,WR,"5'10"" / 190 lbs.","April 10, 1993 (29)",6th Season,2016 / Rd.  / Pk.  (LV),Washington
13870,Marvin Jones Jr.,/nfl/marvin-jones-jr-fantasy/13870,WR,"6'2"" / 199 lbs.","March 12, 1990 (32)",11th Season,2012 / Rd. 5 / Pk. 166 (CIN),California
22415,Mason Kinsey,/nfl/mason-kinsey-fantasy/22415,WR,"5'10"" / 198 lbs.","August 29, 1998 (23)",2nd Season,2020 / Rd.  / Pk.  (TEN),Berry College
19850,Mason Rudolph,/nfl/mason-rudolph-fantasy/19850,QB,"6'5"" / 235 lbs.","July 17, 1995 (27)",5th Season,2018 / Rd. 3 / Pk. 76 (PIT),Oklahoma State
19075,Mason Schreck,/nfl/mason-schreck-fantasy/19075,TE,"6'5"" / 252 lbs.","November 4, 1993 (28)",6th Season,2017 / Rd. 7 / Pk. 251 (CIN),Buffalo
19319,Matt Breida,/nfl/matt-breida-fantasy/19319,RB,"5'10"" / 190 lbs.","February 28, 1995 (27)",6th Season,2017 / Rd.  / Pk.  (SF),Georgia Southern
22518,Matt Bushman,/nfl/matt-bushman-fantasy/22518,TE,"6'5"" / 240 lbs.","November 3, 1995 (26)",1st Season,2021 / Rd.  / Pk.  (LV),Brigham Young
22340,Matt Cole,/nfl/matt-cole-fantasy/22340,WR,"5'10"" / 197 lbs.","November 7, 1996 (25)",2nd Season,2020 / Rd.  / Pk.  (MIA),McKendree
17415,Matt LaCosse,/nfl/matt-lacosse-fantasy/17415,TE,"6'6"" / 255 lbs.","September 21, 1992 (29)",5th Season,2015 / Rd.  / Pk.  (NYG),Illinois
732,Matt Ryan,/nfl/matt-ryan-fantasy/732,QB,"6'4"" / 217 lbs.","May 17, 1985 (37)",15th Season,2008 / Rd. 1 / Pk. 3 (ATL),Boston College
7651,Matthew Slater,/nfl/matthew-slater-fantasy/7651,WR,"6'0"" / 205 lbs.","September 9, 1985 (36)",15th Season,2008 / Rd. 5 / Pk. 153 (NE),UCLA
9038,Matthew Stafford,/nfl/matthew-stafford-fantasy/9038,QB,"6'3"" / 220 lbs.","February 7, 1988 (34)",14th Season,2009 / Rd. 1 / Pk. 1 (DET),Georgia
22235,Maurice Ffrench,/nfl/maurice-ffrench-fantasy/22235,WR,"5'11"" / 200 lbs.","January 1, 1998 (24)",2nd Season,2020 / Rd.  / Pk.  (KC),Pittsburgh
16816,Maxx Williams,/nfl/maxx-williams-fantasy/16816,TE,"6'4"" / 252 lbs.","April 12, 1994 (28)",8th Season,2015 / Rd. 2 / Pk. 55 (BAL),Minnesota
20788,Mecole Hardman,/nfl/mecole-hardman-fantasy/20788,WR,"5'10"" / 187 lbs.","March 12, 1998 (24)",4th Season,2019 / Rd. 2 / Pk. 56 (KC),Georgia
22677,Mekhi Sargent,/nfl/mekhi-sargent-fantasy/22677,RB,"5'8"" / 208 lbs.","October 8, 1997 (24)",2nd Season,2021 / Rd.  / Pk.  (TEN),Iowa
16776,Melvin Gordon III,/nfl/melvin-gordon-iii-fantasy/16776,RB,"6'1"" / 215 lbs.","April 13, 1993 (29)",8th Season,2015 / Rd. 1 / Pk. 15 (LAC),Wisconsin
23099,Michael Bandy,/nfl/michael-bandy-fantasy/23099,WR,"5'10"" / 190 lbs.","December 5, 1997 (24)",2nd Season,2021 / Rd.  / Pk.  (LAC),San Diego
22553,Michael Carter,/nfl/michael-carter-fantasy/22553,RB,"5'8"" / 201 lbs.","May 7, 1999 (23)",2nd Season,2021 / Rd. 4 / Pk. 107 (NYJ),North Carolina
19867,Michael Gallup,/nfl/michael-gallup-fantasy/19867,WR,"6'1"" / 198 lbs.","March 4, 1996 (26)",5th Season,2018 / Rd. 3 / Pk. 81 (DAL),Colorado State
21744,Michael Pittman Jr.,/nfl/michael-pittman-jr-fantasy/21744,WR,"6'4"" / 223 lbs.","October 5, 1997 (24)",3rd Season,2020 / Rd. 2 / Pk. 34 (IND),USC
20159,Mike Boone,/nfl/mike-boone-fantasy/20159,RB,"5'10"" / 206 lbs.","June 30, 1995 (27)",5th Season,2018 / Rd.  / Pk.  (MIN),Cincinnati
16887,Mike Davis,/nfl/mike-davis-fantasy/16887,RB,"5'9"" / 220 lbs.","February 19, 1993 (29)",8th Season,2015 / Rd. 4 / Pk. 126 (SF),South Carolina
16597,Mike Evans,/nfl/mike-evans-fantasy/16597,WR,"6'5"" / 231 lbs.","August 21, 1993 (28)",9th Season,2014 / Rd. 1 / Pk. 7 (TB),Texas A&M
19853,Mike Gesicki,/nfl/mike-gesicki-fantasy/19853,TE,"6'6"" / 250 lbs.","October 3, 1995 (26)",5th Season,2018 / Rd. 2 / Pk. 42 (MIA),Penn State
15201,Mike Glennon,/nfl/mike-glennon-fantasy/15201,QB,"6'7"" / 225 lbs.","December 12, 1989 (32)",10th Season,2013 / Rd. 3 / Pk. 73 (TB),North Carolina State
22620,Mike Strachan,/nfl/mike-strachan-fantasy/22620,WR,"6'5"" / 205 lbs.","August 13, 1997 (24)",2nd Season,2021 / Rd. 7 / Pk. 229 (IND),Charleston
18445,Mike Thomas,/nfl/mike-thomas-fantasy/18445,WR,"6'1"" / 189 lbs.","August 16, 1994 (27)",7th Season,2016 / Rd. 6 / Pk. 206 (LAR),Southern Mississippi
19972,Mike White,/nfl/mike-white-fantasy/19972,QB,"6'5"" / 218 lbs.","March 25, 1995 (27)",4th Season,2018 / Rd. 5 / Pk. 171 (DAL),Western Kentucky
18914,Mike Williams,/nfl/mike-williams-fantasy/18914,WR,"6'4"" / 220 lbs.","October 4, 1994 (27)",6th Season,2017 / Rd. 1 / Pk. 7 (LAC),Clemson
21037,Miles Boykin,/nfl/miles-boykin-fantasy/21037,WR,"6'4"" / 220 lbs.","October 12, 1996 (25)",4th Season,2019 / Rd. 3 / Pk. 93 (BAL),Notre Dame
20933,Miles Sanders,/nfl/miles-sanders-fantasy/20933,RB,"5'11"" / 211 lbs.","May 1, 1997 (25)",4th Season,2019 / Rd. 2 / Pk. 53 (PHI),Penn State
22520,Miller Forristall,/nfl/miller-forristall-fantasy/22520,TE,"6'5"" / 245 lbs.","March 11, 1998 (24)",1st Season,2021 / Rd.  / Pk.  (TEN),Alabama
18811,Mitch Trubisky,/nfl/mitch-trubisky-fantasy/18811,QB,"6'2"" / 215 lbs.","August 20, 1994 (27)",6th Season,2017 / Rd. 1 / Pk. 2 (CHI),North Carolina
21800,Mitchell Wilcox,/nfl/mitchell-wilcox-fantasy/21800,TE,"6'4"" / 245 lbs.","November 7, 1996 (25)",2nd Season,2020 / Rd.  / Pk.  (CIN),South Florida
18900,Mo Alie-Cox,/nfl/mo-alie-cox-fantasy/18900,TE,"6'5"" / 267 lbs.","September 19, 1993 (28)",5th Season,2017 / Rd.  / Pk.  (IND),Virginia Commonwealth
13878,Mohamed Sanu Sr.,/nfl/mohamed-sanu-sr-fantasy/13878,WR,"6'2"" / 210 lbs.","August 22, 1989 (32)",11th Season,2012 / Rd. 3 / Pk. 83 (CIN),Rutgers
16903,MyCole Pruitt,/nfl/mycole-pruitt-fantasy/16903,TE,"6'2"" / 245 lbs.","March 24, 1992 (30)",7th Season,2015 / Rd. 5 / Pk. 143 (MIN),Southern Illinois
20768,Myles Gaskin,/nfl/myles-gaskin-fantasy/20768,RB,"5'10"" / 200 lbs.","February 15, 1997 (25)",4th Season,2019 / Rd. 7 / Pk. 234 (MIA),Washington
20792,N'Keal Harry,/nfl/nkeal-harry-fantasy/20792,WR,"6'2"" / 225 lbs.","December 17, 1997 (24)",4th Season,2019 / Rd. 1 / Pk. 32 (NE),Arizona State
21768,Najee Harris,/nfl/najee-harris-fantasy/21768,RB,"6'2"" / 244 lbs.","March 9, 1998 (24)",2nd Season,2021 / Rd. 1 / Pk. 24 (PIT),Alabama
22347,Nakia Griffin-Stewart,/nfl/nakia-griffin-stewart-fantasy/22347,TE,"6'5"" / 260 lbs.","November 12, 1996 (25)",2nd Season,2020 / Rd.  / Pk.  (MIN),Pittsburgh
23052,Nate McCrary,/nfl/nate-mccrary-fantasy/23052,RB,"6'0"" / 213 lbs.","April 9, 1999 (23)",1st Season,2021 / Rd.  / Pk.  (BAL),Saginaw Valley State
22441,Nathan Cottrell,/nfl/nathan-cottrell-fantasy/22441,RB,"5'11"" / 193 lbs.","August 2, 1996 (25)",3rd Season,2020 / Rd.  / Pk.  (JAX),Georgia Tech
19029,Nathan Peterman,/nfl/nathan-peterman-fantasy/19029,QB,"6'3"" / 225 lbs.","May 4, 1994 (28)",6th Season,2017 / Rd. 5 / Pk. 171 (BUF),Pittsburgh
16781,Nelson Agholor,/nfl/nelson-agholor-fantasy/16781,WR,"6'0"" / 198 lbs.","May 24, 1993 (29)",8th Season,2015 / Rd. 1 / Pk. 20 (PHI),USC
21719,Nick Bowers,/nfl/nick-bowers-fantasy/21719,TE,"6'4"" / 265 lbs.","May 26, 1996 (26)",2nd Season,2020 / Rd.  / Pk.  (LV),Penn State
16931,Nick Boyle,/nfl/nick-boyle-fantasy/16931,TE,"6'4"" / 270 lbs.","February 17, 1993 (29)",8th Season,2015 / Rd. 5 / Pk. 171 (BAL),Delaware
19798,Nick Chubb,/nfl/nick-chubb-fantasy/19798,RB,"5'11"" / 227 lbs.","December 27, 1995 (26)",5th Season,2018 / Rd. 2 / Pk. 35 (CLE),Georgia
13723,Nick Foles,/nfl/nick-foles-fantasy/13723,QB,"6'6"" / 243 lbs.","January 20, 1989 (33)",11th Season,2012 / Rd. 3 / Pk. 88 (PHI),Arizona
19330,Nick Mullens,/nfl/nick-mullens-fantasy/19330,QB,"6'1"" / 187 lbs.","March 21, 1995 (27)",5th Season,2017 / Rd.  / Pk.  (SF),Southern Mississippi
18019,Nick Vannett,/nfl/nick-vannett-fantasy/18019,TE,"6'6"" / 261 lbs.","March 6, 1993 (29)",7th Season,2016 / Rd. 3 / Pk. 94 (SEA),Ohio State
21734,Nick Westbrook-Ikhine,/nfl/nick-westbrook-ikhine-fantasy/21734,WR,"6'2"" / 211 lbs.","March 21, 1997 (25)",3rd Season,2020 / Rd.  / Pk.  (TEN),Indiana
21756,Nico Collins,/nfl/nico-collins-fantasy/21756,WR,"6'4"" / 215 lbs.","March 19, 1999 (23)",2nd Season,2021 / Rd. 3 / Pk. 89 (HOU),Michigan
19080,Noah Brown,/nfl/noah-brown-fantasy/19080,WR,"6'2"" / 225 lbs.","January 6, 1996 (26)",6th Season,2017 / Rd. 7 / Pk. 239 (DAL),Ohio State
20753,Noah Fant,/nfl/noah-fant-fantasy/20753,TE,"6'4"" / 249 lbs.","November 20, 1997 (24)",4th Season,2019 / Rd. 1 / Pk. 20 (DEN),Iowa
21785,Noah Gray,/nfl/noah-gray-fantasy/21785,TE,"6'4"" / 240 lbs.","April 30, 1999 (23)",2nd Season,2021 / Rd. 5 / Pk. 162 (KC),Duke
21796,Noah Togiai,/nfl/noah-togiai-fantasy/21796,TE,"6'4"" / 246 lbs.","July 6, 1997 (25)",3rd Season,2020 / Rd.  / Pk.  (PHI),Oregon State
21295,Nsimba Webster,/nfl/nsimba-webster-fantasy/21295,WR,"5'10"" / 180 lbs.","January 27, 1996 (26)",4th Season,2019 / Rd.  / Pk.  (LAR),Eastern Washington
19912,Nyheim Hines,/nfl/nyheim-hines-fantasy/19912,RB,"5'9"" / 196 lbs.","November 12, 1996 (25)",5th Season,2018 / Rd. 4 / Pk. 104 (IND),North Carolina State
18901,O.J. Howard,/nfl/oj-howard-fantasy/18901,TE,"6'6"" / 251 lbs.","November 18, 1994 (27)",6th Season,2017 / Rd. 1 / Pk. 19 (TB),Alabama
16389,Odell Beckham Jr.,/nfl/odell-beckham-jr-fantasy/16389,WR,"5'11"" / 198 lbs.","November 5, 1992 (29)",9th Season,2014 / Rd. 1 / Pk. 12 (NYG),LSU
21142,Olamide Zaccheaus,/nfl/olamide-zaccheaus-fantasy/21142,WR,"5'8"" / 193 lbs.","July 23, 1997 (24)",4th Season,2019 / Rd.  / Pk.  (ATL),Virginia
19191,PJ Walker,/nfl/pj-walker-fantasy/19191,QB,"5'11"" / 210 lbs.","February 26, 1995 (27)",3rd Season,2017 / Rd.  / Pk.  (IND),Temple
23101,Parker Hesse,/nfl/parker-hesse-fantasy/23101,TE,"6'3"" / 261 lbs.","May 26, 1995 (27)",2nd Season,2020 / Rd.  / Pk.  (ATL),Iowa
21005,Parris Campbell,/nfl/parris-campbell-fantasy/21005,WR,"6'0"" / 205 lbs.","July 16, 1997 (25)",4th Season,2019 / Rd. 2 / Pk. 59 (IND),Ohio State
22507,Pat Freiermuth,/nfl/pat-freiermuth-fantasy/22507,TE,"6'5"" / 258 lbs.","October 25, 1998 (23)",2nd Season,2021 / Rd. 2 / Pk. 55 (PIT),Penn State
21211,Patrick Laird,/nfl/patrick-laird-fantasy/21211,RB,"6'0"" / 205 lbs.","August 17, 1995 (26)",4th Season,2019 / Rd.  / Pk.  (MIA),California
18890,Patrick Mahomes,/nfl/patrick-mahomes-fantasy/18890,QB,"6'3"" / 230 lbs.","September 17, 1995 (26)",6th Season,2017 / Rd. 1 / Pk. 10 (KC),Texas Tech
21823,Patrick Taylor,/nfl/patrick-taylor-fantasy/21823,RB,"6'2"" / 222 lbs.","April 29, 1998 (24)",2nd Season,2020 / Rd.  / Pk.  (GB),Memphis
20793,Penny Hart,/nfl/penny-hart-fantasy/20793,WR,"5'8"" / 180 lbs.","July 5, 1996 (26)",3rd Season,2019 / Rd.  / Pk.  (IND),Georgia State
18375,Peyton Barber,/nfl/peyton-barber-fantasy/18375,RB,"5'11"" / 225 lbs.","February 27, 1994 (28)",7th Season,2016 / Rd.  / Pk.  (TB),Auburn
19304,Pharaoh Brown,/nfl/pharaoh-brown-fantasy/19304,TE,"6'6"" / 258 lbs.","May 4, 1994 (28)",5th Season,2017 / Rd.  / Pk.  (LV),Oregon
18039,Pharoh Cooper,/nfl/pharoh-cooper-fantasy/18039,WR,"5'11"" / 208 lbs.","March 7, 1995 (27)",6th Season,2016 / Rd. 4 / Pk. 117 (LAR),South Carolina
16790,Phillip Dorsett,/nfl/phillip-dorsett-fantasy/16790,WR,"5'10"" / 192 lbs.","January 5, 1993 (29)",8th Season,2015 / Rd. 1 / Pk. 29 (IND),Miami (FL)
20128,Phillip Lindsay,/nfl/phillip-lindsay-fantasy/20128,RB,"5'8"" / 190 lbs.","July 24, 1994 (27)",5th Season,2018 / Rd.  / Pk.  (DEN),Colorado
22544,Pooka Williams Jr.,/nfl/pooka-williams-jr-fantasy/22544,WR,"5'9"" / 175 lbs.","June 19, 1999 (23)",1st Season,2021 / Rd.  / Pk.  (CIN),Kansas
20988,Preston Williams,/nfl/preston-williams-fantasy/20988,WR,"6'5"" / 218 lbs.","March 27, 1997 (25)",4th Season,2019 / Rd.  / Pk.  (MIA),Colorado State
20900,Qadree Ollison,/nfl/qadree-ollison-fantasy/20900,RB,"6'1"" / 232 lbs.","September 8, 1996 (25)",4th Season,2019 / Rd. 5 / Pk. 152 (ATL),Pittsburgh
21957,Quez Watkins,/nfl/quez-watkins-fantasy/21957,WR,"6'0"" / 193 lbs.","June 9, 1998 (24)",3rd Season,2020 / Rd. 6 / Pk. 200 (PHI),Southern Mississippi
21729,Quintez Cephus,/nfl/quintez-cephus-fantasy/21729,WR,"6'1"" / 208 lbs.","April 1, 1998 (24)",3rd Season,2020 / Rd. 5 / Pk. 166 (DET),Wisconsin
22622,Racey McMath,/nfl/racey-mcmath-fantasy/22622,WR,"6'3"" / 217 lbs.","June 14, 1999 (23)",2nd Season,2021 / Rd. 6 / Pk. 205 (TEN),LSU
17217,Raheem Mostert,/nfl/raheem-mostert-fantasy/17217,RB,"5'10"" / 205 lbs.","April 9, 1992 (30)",8th Season,2015 / Rd.  / Pk.  (PHI),Purdue
13227,Randall Cobb,/nfl/randall-cobb-fantasy/13227,WR,"5'10"" / 195 lbs.","August 22, 1990 (31)",12th Season,2011 / Rd. 2 / Pk. 64 (GB),Kentucky
19799,Rashaad Penny,/nfl/rashaad-penny-fantasy/19799,RB,"5'11"" / 220 lbs.","February 2, 1996 (26)",5th Season,2018 / Rd. 1 / Pk. 27 (SEA),San Diego State
18089,Rashard Higgins,/nfl/rashard-higgins-fantasy/18089,WR,"6'1"" / 198 lbs.","October 7, 1994 (27)",7th Season,2016 / Rd. 5 / Pk. 172 (CLE),Colorado State
22623,Rashod Bateman,/nfl/rashod-bateman-fantasy/22623,WR,"6'1"" / 193 lbs.","November 29, 1999 (22)",2nd Season,2021 / Rd. 1 / Pk. 27 (BAL),Minnesota
19961,Ray-Ray McCloud III,/nfl/ray-ray-mccloud-iii-fantasy/19961,WR,"5'9"" / 190 lbs.","October 15, 1996 (25)",5th Season,2018 / Rd. 6 / Pk. 187 (BUF),Clemson
20103,Reggie Bonofon,/nfl/reggie-bonofon-fantasy/20103,RB,"6'0"" / 215 lbs.","January 4, 1996 (26)",4th Season,2018 / Rd.  / Pk.  (CAR),Louisville
14917,Rex Burkhead,/nfl/rex-burkhead-fantasy/14917,RB,"5'10"" / 215 lbs.","July 2, 1990 (32)",10th Season,2013 / Rd. 6 / Pk. 190 (CIN),Nebraska
22546,Rhamondre Stevenson,/nfl/rhamondre-stevenson-fantasy/22546,RB,"6'0"" / 227 lbs.","February 23, 1998 (24)",2nd Season,2021 / Rd. 4 / Pk. 120 (NE),Oklahoma
16491,Richard Rodgers,/nfl/richard-rodgers-fantasy/16491,TE,"6'4"" / 257 lbs.","January 22, 1992 (30)",9th Season,2014 / Rd. 3 / Pk. 98 (GB),California
19410,Ricky Seals-Jones,/nfl/ricky-seals-jones-fantasy/19410,TE,"6'5"" / 243 lbs.","March 15, 1995 (27)",6th Season,2017 / Rd.  / Pk.  (ARI),Texas A&M
19755,River Cracraft,/nfl/river-cracraft-fantasy/19755,WR,"6'0"" / 198 lbs.","November 1, 1994 (27)",5th Season,2017 / Rd.  / Pk.  (DEN),Washington State
10974,Rob Gronkowski,/nfl/rob-gronkowski-fantasy/10974,TE,"6'6"" / 265 lbs.","May 14, 1989 (33)",12th Season,2010 / Rd. 2 / Pk. 42 (NE),Arizona
18187,Robbie Anderson,/nfl/robbie-anderson-fantasy/18187,WR,"6'3"" / 190 lbs.","May 9, 1993 (29)",7th Season,2016 / Rd.  / Pk.  (NYJ),Temple
19491,Robert Tonyan,/nfl/robert-tonyan-fantasy/19491,TE,"6'5"" / 237 lbs.","April 30, 1994 (28)",5th Season,2017 / Rd.  / Pk.  (DET),Indiana State
14871,Robert Woods,/nfl/robert-woods-fantasy/14871,WR,"6'0"" / 195 lbs.","April 10, 1992 (30)",10th Season,2013 / Rd. 2 / Pk. 41 (BUF),USC
19054,Rodney Adams,/nfl/rodney-adams-fantasy/19054,WR,"6'1"" / 189 lbs.","September 15, 1994 (27)",3rd Season,2017 / Rd. 5 / Pk. 170 (MIN),South Florida
21775,Rodney Smith,/nfl/rodney-smith-fantasy/21775,RB,"5'11"" / 210 lbs.","February 28, 1996 (26)",2nd Season,2020 / Rd.  / Pk.  (CAR),Minnesota
19861,Ronald Jones,/nfl/ronald-jones-fantasy/19861,RB,"5'11"" / 208 lbs.","August 3, 1997 (24)",5th Season,2018 / Rd. 2 / Pk. 38 (TB),USC
22626,Rondale Moore,/nfl/rondale-moore-fantasy/22626,WR,"5'7"" / 180 lbs.","June 9, 2000 (22)",2nd Season,2021 / Rd. 2 / Pk. 49 (ARI),Purdue
20361,Ross Dwelley,/nfl/ross-dwelley-fantasy/20361,TE,"6'5"" / 235 lbs.","January 26, 1995 (27)",5th Season,2018 / Rd.  / Pk.  (SF),San Diego
17750,Ross Travis,/nfl/ross-travis-fantasy/17750,TE,"6'6"" / 248 lbs.","January 9, 1993 (29)",6th Season,2015 / Rd.  / Pk.  (KC),Penn State
19823,Royce Freeman,/nfl/royce-freeman-fantasy/19823,RB,"6'0"" / 238 lbs.","February 24, 1996 (26)",5th Season,2018 / Rd. 3 / Pk. 71 (DEN),Oregon
20006,Russell Gage,/nfl/russell-gage-fantasy/20006,WR,"6'0"" / 184 lbs.","January 22, 1996 (26)",5th Season,2018 / Rd. 6 / Pk. 194 (ATL),LSU
14536,Russell Wilson,/nfl/russell-wilson-fantasy/14536,QB,"5'11"" / 215 lbs.","November 29, 1988 (33)",11th Season,2012 / Rd. 3 / Pk. 75 (SEA),Wisconsin
8283,Ryan Fitzpatrick,/nfl/ryan-fitzpatrick-fantasy/8283,QB,"6'2"" / 228 lbs.","November 24, 1982 (39)",18th Season,2005 / Rd. 7 / Pk. 250 (LAR),Harvard
14985,Ryan Griffin,/nfl/ryan-griffin-fantasy/14985,TE,"6'6"" / 255 lbs.","January 11, 1990 (32)",10th Season,2013 / Rd. 6 / Pk. 201 (HOU),Connecticut
20069,Ryan Izzo,/nfl/ryan-izzo-fantasy/20069,TE,"6'5"" / 255 lbs.","December 21, 1995 (26)",5th Season,2018 / Rd. 7 / Pk. 250 (NE),Florida State
13799,Ryan Tannehill,/nfl/ryan-tannehill-fantasy/13799,QB,"6'4"" / 207 lbs.","July 27, 1988 (33)",11th Season,2012 / Rd. 1 / Pk. 8 (MIA),Texas A&M
20743,Ryquell Armstead,/nfl/ryquell-armstead-fantasy/20743,RB,"5'11"" / 220 lbs.","October 30, 1996 (25)",3rd Season,2019 / Rd. 5 / Pk. 140 (JAX),Temple
21843,Salvon Ahmed,/nfl/salvon-ahmed-fantasy/21843,RB,"5'11"" / 197 lbs.","December 29, 1998 (23)",3rd Season,2020 / Rd.  / Pk.  (SF),Washington
19812,Sam Darnold,/nfl/sam-darnold-fantasy/19812,QB,"6'3"" / 225 lbs.","June 5, 1997 (25)",5th Season,2018 / Rd. 1 / Pk. 3 (NYJ),USC
21815,Sam Ehlinger,/nfl/sam-ehlinger-fantasy/21815,QB,"6'3"" / 225 lbs.","September 30, 1998 (23)",2nd Season,2021 / Rd. 6 / Pk. 218 (IND),Texas
18993,Samaje Perine,/nfl/samaje-perine-fantasy/18993,RB,"5'11"" / 240 lbs.","September 16, 1995 (26)",6th Season,2017 / Rd. 4 / Pk. 114 (WAS),Oklahoma
22915,Sammis Reyes,/nfl/sammis-reyes-fantasy/22915,TE,"6'5"" / 260 lbs.","October 19, 1995 (26)",2nd Season,2021 / Rd.  / Pk.  (WAS),Loyola
16003,Sammy Watkins,/nfl/sammy-watkins-fantasy/16003,WR,"6'1"" / 211 lbs.","June 14, 1993 (29)",9th Season,2014 / Rd. 1 / Pk. 4 (BUF),Clemson
19766,Saquon Barkley,/nfl/saquon-barkley-fantasy/19766,RB,"5'11"" / 233 lbs.","February 9, 1997 (25)",5th Season,2018 / Rd. 1 / Pk. 2 (NYG),Penn State
21856,Scottie Phillips,/nfl/scottie-phillips-fantasy/21856,RB,"5'8"" / 213 lbs.","October 6, 1997 (24)",3rd Season,2020 / Rd.  / Pk.  (HOU),Mississippi
21138,Scotty Miller,/nfl/scotty-miller-fantasy/21138,WR,"5'11"" / 174 lbs.","July 31, 1997 (24)",4th Season,2019 / Rd. 6 / Pk. 208 (TB),Bowling Green
16850,Sean Mannion,/nfl/sean-mannion-fantasy/16850,QB,"6'6"" / 230 lbs.","April 25, 1992 (30)",8th Season,2015 / Rd. 3 / Pk. 89 (LAR),Oregon State
21781,Sean McKeon,/nfl/sean-mckeon-fantasy/21781,TE,"6'5"" / 238 lbs.","December 28, 1997 (24)",3rd Season,2020 / Rd.  / Pk.  (DAL),Michigan
22608,Seth Williams,/nfl/seth-williams-fantasy/22608,WR,"6'3"" / 211 lbs.","April 10, 1999 (23)",1st Season,2021 / Rd. 6 / Pk. 219 (DEN),Auburn
23084,Shane Zylstra,/nfl/shane-zylstra-fantasy/23084,TE,"6'4"" / 230 lbs.","November 16, 1996 (25)",2nd Season,2021 / Rd.  / Pk.  (MIN),Minnesota State-Mankato
22609,Shi Smith,/nfl/shi-smith-fantasy/22609,WR,"5'10"" / 190 lbs.","October 26, 1998 (23)",2nd Season,2021 / Rd. 6 / Pk. 204 (CAR),South Carolina
22645,Simi Fehoko,/nfl/simi-fehoko-fantasy/22645,WR,"6'3"" / 220 lbs.","November 5, 1997 (24)",2nd Season,2021 / Rd. 5 / Pk. 179 (DAL),Stanford
19828,Sony Michel,/nfl/sony-michel-fantasy/19828,RB,"5'11"" / 215 lbs.","February 17, 1995 (27)",5th Season,2018 / Rd. 1 / Pk. 31 (NE),Georgia
21825,Spencer Brown,/nfl/spencer-brown-fantasy/21825,RB,"6'0"" / 220 lbs.","November 13, 1998 (23)",1st Season,2021 / Rd.  / Pk.  (CAR),Alabama-Birmingham
20886,Stanley Morgan,/nfl/stanley-morgan-fantasy/20886,WR,"6'0"" / 205 lbs.","September 7, 1996 (25)",4th Season,2019 / Rd.  / Pk.  (CIN),Nebraska
16906,Stefon Diggs,/nfl/stefon-diggs-fantasy/16906,WR,"6'0"" / 191 lbs.","November 29, 1993 (28)",8th Season,2015 / Rd. 5 / Pk. 146 (MIN),Maryland
18262,Stephen Anderson,/nfl/stephen-anderson-fantasy/18262,TE,"6'2"" / 230 lbs.","January 30, 1993 (29)",5th Season,2016 / Rd.  / Pk.  (HOU),California
21865,Stephen Sullivan,/nfl/stephen-sullivan-fantasy/21865,TE,"6'5"" / 245 lbs.","November 28, 1996 (25)",2nd Season,2020 / Rd. 7 / Pk. 251 (SEA),LSU
17961,Sterling Shepard,/nfl/sterling-shepard-fantasy/17961,WR,"5'10"" / 201 lbs.","February 10, 1993 (29)",7th Season,2016 / Rd. 2 / Pk. 40 (NYG),Oklahoma
21400,Steven Sims,/nfl/steven-sims-fantasy/21400,WR,"5'10"" / 176 lbs.","March 31, 1997 (25)",4th Season,2019 / Rd.  / Pk.  (WAS),Kansas
20805,T.J. Hockenson,/nfl/tj-hockenson-fantasy/20805,TE,"6'5"" / 248 lbs.","July 3, 1997 (25)",4th Season,2019 / Rd. 1 / Pk. 8 (DET),Iowa
14005,T.Y. Hilton,/nfl/ty-hilton-fantasy/14005,WR,"5'10"" / 183 lbs.","November 14, 1989 (32)",11th Season,2012 / Rd. 3 / Pk. 92 (IND),Florida International
13063,Taiwan Jones,/nfl/taiwan-jones-fantasy/13063,RB,"6'0"" / 195 lbs.","July 26, 1988 (33)",12th Season,2011 / Rd. 4 / Pk. 125 (LV),Eastern Washington
18058,Taja Sharpe,/nfl/taja-sharpe-fantasy/18058,WR,"6'2"" / 194 lbs.","December 23, 1994 (27)",7th Season,2016 / Rd. 5 / Pk. 140 (TEN),Massachusetts
20506,Tanner Hudson,/nfl/tanner-hudson-fantasy/20506,TE,"6'5"" / 239 lbs.","November 12, 1994 (27)",4th Season,2018 / Rd.  / Pk.  (TB),Southern Arkansas
21746,Tarik Black,/nfl/tarik-black-fantasy/21746,WR,"6'3"" / 216 lbs.","February 10, 1998 (24)",1st Season,2021 / Rd.  / Pk.  (IND),Texas
21850,Tavien Feaster,/nfl/tavien-feaster-fantasy/21850,RB,"6'0"" / 221 lbs.","December 31, 1997 (24)",1st Season,2020 / Rd.  / Pk.  (JAX),South Carolina
15215,Tavon Austin,/nfl/tavon-austin-fantasy/15215,WR,"5'8"" / 179 lbs.","March 15, 1990 (32)",10th Season,2013 / Rd. 1 / Pk. 8 (LAR),West Virginia
17179,Taylor Heinicke,/nfl/taylor-heinicke-fantasy/17179,QB,"6'0"" / 210 lbs.","March 15, 1993 (29)",5th Season,2015 / Rd.  / Pk.  (MIN),Old Dominion
19238,Taysom Hill,/nfl/taysom-hill-fantasy/19238,QB,"6'2"" / 221 lbs.","August 23, 1990 (31)",6th Season,2017 / Rd.  / Pk.  (GB),Brigham Young
16497,Teddy Bridgewater,/nfl/teddy-bridgewater-fantasy/16497,QB,"6'2"" / 215 lbs.","November 10, 1992 (29)",9th Season,2014 / Rd. 1 / Pk. 32 (MIN),Louisville
21690,Tee Higgins,/nfl/tee-higgins-fantasy/21690,WR,"6'4"" / 216 lbs.","January 18, 1999 (23)",3rd Season,2020 / Rd. 2 / Pk. 33 (CIN),Clemson
18094,Temarrick Hemingway,/nfl/temarrick-hemingway-fantasy/18094,TE,"6'5"" / 245 lbs.","July 30, 1993 (28)",4th Season,2016 / Rd. 6 / Pk. 177 (LAR),South Carolina State
22685,Terrace Marshall Jr.,/nfl/terrace-marshall-jr-fantasy/22685,WR,"6'2"" / 200 lbs.","June 9, 2000 (22)",2nd Season,2021 / Rd. 2 / Pk. 59 (CAR),LSU
20873,Terry McLaurin,/nfl/terry-mclaurin-fantasy/20873,WR,"6'0"" / 210 lbs.","September 15, 1995 (26)",4th Season,2019 / Rd. 3 / Pk. 76 (WAS),Ohio State
16834,Tevin Coleman,/nfl/tevin-coleman-fantasy/16834,RB,"6'1"" / 210 lbs.","April 16, 1993 (29)",8th Season,2015 / Rd. 3 / Pk. 73 (ATL),Indiana
20283,Tim Boyle,/nfl/tim-boyle-fantasy/20283,QB,"6'4"" / 227 lbs.","October 3, 1994 (27)",5th Season,2018 / Rd.  / Pk.  (GB),Eastern Kentucky
19207,Tim Patrick,/nfl/tim-patrick-fantasy/19207,WR,"6'4"" / 212 lbs.","November 23, 1993 (28)",5th Season,2017 / Rd.  / Pk.  (BAL),Utah
4314,Tom Brady,/nfl/tom-brady-fantasy/4314,QB,"6'4"" / 225 lbs.","August 3, 1977 (44)",23rd Season,2000 / Rd. 6 / Pk. 199 (NE),Michigan
21556,Tom Kennedy,/nfl/tom-kennedy-fantasy/21556,WR,"5'10"" / 194 lbs.","July 29, 1996 (25)",2nd Season,2019 / Rd.  / Pk.  (DET),Bryant
22418,Tommy Hudson,/nfl/tommy-hudson-fantasy/22418,TE,"6'5"" / 255 lbs.","February 22, 1997 (25)",2nd Season,2020 / Rd.  / Pk.  (TEN),Arizona State
20957,Tommy Sweeney,/nfl/tommy-sweeney-fantasy/20957,TE,"6'5"" / 251 lbs.","July 1, 1995 (27)",4th Season,2019 / Rd. 7 / Pk. 228 (BUF),Boston College
22662,Tommy Tremble,/nfl/tommy-tremble-fantasy/22662,TE,"6'4"" / 248 lbs.","June 2, 2000 (22)",2nd Season,2021 / Rd. 3 / Pk. 83 (CAR),Notre Dame
18401,Tommylee Lewis,/nfl/tommylee-lewis-fantasy/18401,WR,"5'7"" / 168 lbs.","October 24, 1992 (29)",5th Season,2016 / Rd.  / Pk.  (NO),Northern Illinois
21774,Tony Jones Jr.,/nfl/tony-jones-jr-fantasy/21774,RB,"5'11"" / 224 lbs.","November 24, 1997 (24)",2nd Season,2020 / Rd.  / Pk.  (NO),Notre Dame
22513,Tony Poljan,/nfl/tony-poljan-fantasy/22513,TE,"6'7"" / 251 lbs.","April 25, 1997 (25)",1st Season,2021 / Rd.  / Pk.  (BAL),Virginia
20912,Tony Pollard,/nfl/tony-pollard-fantasy/20912,RB,"6'0"" / 209 lbs.","April 30, 1997 (25)",4th Season,2019 / Rd. 4 / Pk. 128 (DAL),Memphis
13887,Travis Benjamin,/nfl/travis-benjamin-fantasy/13887,WR,"5'10"" / 175 lbs.","December 29, 1989 (32)",10th Season,2012 / Rd. 4 / Pk. 100 (CLE),Miami (FL)
20762,Travis Fulgham,/nfl/travis-fulgham-fantasy/20762,WR,"6'2"" / 215 lbs.","September 13, 1995 (26)",4th Season,2019 / Rd. 6 / Pk. 184 (DET),Old Dominion
20810,Travis Homer,/nfl/travis-homer-fantasy/20810,RB,"5'10"" / 202 lbs.","August 7, 1998 (23)",4th Season,2019 / Rd. 6 / Pk. 204 (SEA),Miami (FL)
15048,Travis Kelce,/nfl/travis-kelce-fantasy/15048,TE,"6'5"" / 260 lbs.","October 5, 1989 (32)",10th Season,2013 / Rd. 3 / Pk. 63 (KC),Cincinnati
20990,Trayveon Williams,/nfl/trayveon-williams-fantasy/20990,RB,"5'8"" / 206 lbs.","October 18, 1997 (24)",4th Season,2019 / Rd. 6 / Pk. 182 (CIN),Texas A&M
22512,Tre' McKitty,/nfl/tre-mckitty-fantasy/22512,TE,"6'5"" / 245 lbs.","January 12, 1999 (23)",2nd Season,2021 / Rd. 3 / Pk. 97 (LAC),Georgia
19897,Tre'Quan Smith,/nfl/trequan-smith-fantasy/19897,WR,"6'2"" / 210 lbs.","January 7, 1996 (26)",5th Season,2018 / Rd. 3 / Pk. 91 (NO),Central Florida
20081,Trent Sherfield,/nfl/trent-sherfield-fantasy/20081,WR,"6'1"" / 219 lbs.","February 26, 1996 (26)",5th Season,2018 / Rd.  / Pk.  (ARI),Vanderbilt
19064,Trent Taylor,/nfl/trent-taylor-fantasy/19064,WR,"5'8"" / 180 lbs.","April 30, 1994 (28)",6th Season,2017 / Rd. 5 / Pk. 177 (SF),Louisiana Tech
20040,Trenton Cannon,/nfl/trenton-cannon-fantasy/20040,RB,"5'11"" / 185 lbs.","July 23, 1994 (27)",5th Season,2018 / Rd. 6 / Pk. 204 (NYJ),Virginia State
21263,Trenton Irwin,/nfl/trenton-irwin-fantasy/21263,WR,"6'2"" / 207 lbs.","December 10, 1995 (26)",3rd Season,2019 / Rd.  / Pk.  (MIA),Stanford
20977,Trevon Wesco,/nfl/trevon-wesco-fantasy/20977,TE,"6'3"" / 267 lbs.","September 12, 1995 (26)",4th Season,2019 / Rd. 4 / Pk. 121 (NYJ),West Virginia
22490,Trevor Lawrence,/nfl/trevor-lawrence-fantasy/22490,QB,"6'6"" / 220 lbs.","October 6, 1999 (22)",2nd Season,2021 / Rd. 1 / Pk. 1 (JAX),Clemson
17009,Trevor Siemian,/nfl/trevor-siemian-fantasy/17009,QB,"6'3"" / 220 lbs.","December 26, 1991 (30)",8th Season,2015 / Rd. 7 / Pk. 250 (DEN),Northwestern
19599,Trey Edmunds,/nfl/trey-edmunds-fantasy/19599,RB,"6'2"" / 223 lbs.","December 30, 1994 (27)",5th Season,2017 / Rd.  / Pk.  (NO),Maryland
22493,Trey Lance,/nfl/trey-lance-fantasy/22493,QB,"6'4"" / 224 lbs.","May 9, 2000 (22)",2nd Season,2021 / Rd. 1 / Pk. 3 (SF),North Dakota State
22537,Trey Ragas,/nfl/trey-ragas-fantasy/22537,RB,"5'10"" / 214 lbs.","November 7, 1996 (25)",1st Season,2021 / Rd.  / Pk.  (LV),Louisiana-Lafayette
21801,Trey Sermon,/nfl/trey-sermon-fantasy/21801,RB,"6'0"" / 215 lbs.","January 30, 1999 (23)",2nd Season,2021 / Rd. 3 / Pk. 88 (SF),Ohio State
21368,Trinity Benson,/nfl/trinity-benson-fantasy/21368,WR,"6'0"" / 180 lbs.","January 16, 1997 (25)",2nd Season,2019 / Rd.  / Pk.  (DEN),East Central (OK)
21677,Tua Tagovailoa,/nfl/tua-tagovailoa-fantasy/21677,QB,"6'0"" / 217 lbs.","March 2, 1998 (24)",3rd Season,2020 / Rd. 1 / Pk. 5 (MIA),Alabama
22602,Tutu Atwell,/nfl/tutu-atwell-fantasy/22602,WR,"5'9"" / 165 lbs.","October 7, 1999 (22)",2nd Season,2021 / Rd. 2 / Pk. 57 (LAR),Louisville
20837,Ty Johnson,/nfl/ty-johnson-fantasy/20837,RB,"5'10"" / 210 lbs.","September 17, 1997 (24)",4th Season,2019 / Rd. 6 / Pk. 186 (DET),Maryland
16855,Ty Montgomery,/nfl/ty-montgomery-fantasy/16855,WR,"6'0"" / 216 lbs.","January 22, 1993 (29)",8th Season,2015 / Rd. 3 / Pk. 94 (GB),Stanford
22126,Ty'Son Williams,/nfl/tyson-williams-fantasy/22126,RB,"6'0"" / 220 lbs.","September 4, 1996 (25)",2nd Season,2020 / Rd.  / Pk.  (BAL),Brigham Young
22604,Tylan Wallace,/nfl/tylan-wallace-fantasy/22604,WR,"5'11"" / 193 lbs.","May 13, 1999 (23)",2nd Season,2021 / Rd. 4 / Pk. 131 (BAL),Oklahoma State
17986,Tyler Boyd,/nfl/tyler-boyd-fantasy/17986,WR,"6'2"" / 203 lbs.","November 15, 1994 (27)",7th Season,2016 / Rd. 2 / Pk. 55 (CIN),Pittsburgh
19988,Tyler Conklin,/nfl/tyler-conklin-fantasy/19988,TE,"6'3"" / 254 lbs.","July 30, 1995 (26)",5th Season,2018 / Rd. 5 / Pk. 157 (MIN),Central Michigan
22138,Tyler Davis,/nfl/tyler-davis-fantasy/22138,TE,"6'4"" / 250 lbs.","April 2, 1997 (25)",3rd Season,2020 / Rd. 6 / Pk. 206 (JAX),Georgia Tech
18032,Tyler Higbee,/nfl/tyler-higbee-fantasy/18032,TE,"6'6"" / 255 lbs.","January 1, 1993 (29)",7th Season,2016 / Rd. 4 / Pk. 110 (LAR),Western Kentucky
21810,Tyler Huntley,/nfl/tyler-huntley-fantasy/21810,QB,"6'1"" / 196 lbs.","February 3, 1998 (24)",2nd Season,2020 / Rd.  / Pk.  (BAL),Utah
21675,Tyler Johnson,/nfl/tyler-johnson-fantasy/21675,WR,"6'2"" / 206 lbs.","August 25, 1998 (23)",3rd Season,2020 / Rd. 5 / Pk. 161 (TB),Minnesota
16846,Tyler Kroft,/nfl/tyler-kroft-fantasy/16846,TE,"6'6"" / 252 lbs.","October 15, 1992 (29)",8th Season,2015 / Rd. 3 / Pk. 85 (CIN),Rutgers
16830,Tyler Lockett,/nfl/tyler-lockett-fantasy/16830,WR,"5'10"" / 182 lbs.","September 28, 1992 (29)",8th Season,2015 / Rd. 3 / Pk. 69 (SEA),Kansas State
22407,Tyler Mabry,/nfl/tyler-mabry-fantasy/22407,TE,"6'3"" / 247 lbs.","November 21, 1996 (25)",2nd Season,2020 / Rd.  / Pk.  (SEA),Maryland
20823,Tyree Jackson,/nfl/tyree-jackson-fantasy/20823,TE,"6'7"" / 249 lbs.","November 7, 1997 (24)",2nd Season,2019 / Rd.  / Pk.  (BUF),Buffalo
18082,Tyreek Hill,/nfl/tyreek-hill-fantasy/18082,WR,"5'10"" / 185 lbs.","March 1, 1994 (28)",7th Season,2016 / Rd. 5 / Pk. 165 (KC),West Alabama
17048,Tyrell Williams,/nfl/tyrell-williams-fantasy/17048,WR,"6'4"" / 205 lbs.","February 12, 1992 (30)",7th Season,2015 / Rd.  / Pk.  (LAC),Western Oregon
21737,Tyrie Cleveland,/nfl/tyrie-cleveland-fantasy/21737,WR,"6'2"" / 205 lbs.","September 20, 1997 (24)",3rd Season,2020 / Rd. 7 / Pk. 252 (DEN),Florida
12831,Tyrod Taylor,/nfl/tyrod-taylor-fantasy/12831,QB,"6'1"" / 217 lbs.","August 3, 1989 (32)",12th Season,2011 / Rd. 6 / Pk. 180 (BAL),Virginia Tech
20838,Tyron Johnson,/nfl/tyron-johnson-fantasy/20838,WR,"6'1"" / 193 lbs.","January 8, 1996 (26)",3rd Season,2019 / Rd.  / Pk.  (HOU),Oklahoma State
21739,Van Jefferson,/nfl/van-jefferson-fantasy/21739,WR,"6'1"" / 200 lbs.","July 26, 1996 (25)",3rd Season,2020 / Rd. 2 / Pk. 57 (LAR),Florida
20295,Vyncint Smith,/nfl/vyncint-smith-fantasy/20295,WR,"6'3"" / 202 lbs.","June 9, 1996 (26)",5th Season,2018 / Rd.  / Pk.  (HOU),Limestone College
18996,Wayne Gallman,/nfl/wayne-gallman-fantasy/18996,RB,"6'0"" / 216 lbs.","October 1, 1994 (27)",6th Season,2017 / Rd. 4 / Pk. 140 (NYG),Clemson
18070,Wendell Smallwood,/nfl/wendell-smallwood-fantasy/18070,RB,"5'10"" / 208 lbs.","January 20, 1994 (28)",6th Season,2016 / Rd. 5 / Pk. 153 (PHI),West Virginia
19950,Will Dissly,/nfl/will-dissly-fantasy/19950,TE,"6'4"" / 265 lbs.","July 8, 1996 (26)",5th Season,2018 / Rd. 4 / Pk. 120 (SEA),Washington
17916,William Fuller V,/nfl/william-fuller-v-fantasy/17916,WR,"6'0"" / 184 lbs.","April 16, 1994 (28)",7th Season,2016 / Rd. 1 / Pk. 21 (HOU),Notre Dame
16141,Willie Snead IV,/nfl/willie-snead-iv-fantasy/16141,WR,"5'11"" / 200 lbs.","October 17, 1992 (29)",7th Season,2014 / Rd.  / Pk.  (CLE),Ball State
14856,Zach Ertz,/nfl/zach-ertz-fantasy/14856,TE,"6'5"" / 250 lbs.","November 10, 1990 (31)",10th Season,2013 / Rd. 2 / Pk. 35 (PHI),Stanford
20770,Zach Gentry,/nfl/zach-gentry-fantasy/20770,TE,"6'8"" / 265 lbs.","September 10, 1996 (25)",4th Season,2019 / Rd. 5 / Pk. 141 (PIT),Michigan
19172,Zach Pascal,/nfl/zach-pascal-fantasy/19172,WR,"6'2"" / 214 lbs.","December 18, 1994 (27)",5th Season,2017 / Rd.  / Pk.  (WAS),Old Dominion
22495,Zach Wilson,/nfl/zach-wilson-fantasy/22495,QB,"6'2"" / 214 lbs.","August 3, 1999 (22)",2nd Season,2021 / Rd. 1 / Pk. 2 (NYJ),Brigham Young
21784,Zack Moss,/nfl/zack-moss-fantasy/21784,RB,"5'9"" / 205 lbs.","December 15, 1997 (24)",3rd Season,2020 / Rd. 3 / Pk. 86 (BUF),Utah
18926,Zay Jones,/nfl/zay-jones-fantasy/18926,WR,"6'2"" / 200 lbs.","March 30, 1995 (27)",6th Season,2017 / Rd. 2 / Pk. 37 (BUF),East Carolina
